"code","display_name","brands","countries","categories","ingredients_text","nova_group","nutriscore_grade","ecoscore_grade","energy_kcal_100g","sugars_100g","salt_100g","game_ready","review_status","review_notes","source_dataset","selection_rationale"
"8005110550508","Cherrytomaten 400 g","1540 Vestby, Norwegen, Oluf Lorentzen AS, Toveien 22, Mutti","Australia, France, Germany, New Zealand, Spain, en:united-kingdom","Dosentomaten, Frucht- und gemüsebasierte Lebensmittel, Gemüse, Gemüsebasierte Lebensmittel, Gemüsekonserven, Konserven, Konserven-Produkte auf pflanzlicher Basis, Pflanzliche Lebensmittel, Pflanzliche Lebensmittel und Getränke, Tomaten, Tomaten und Tomatenprodukte, en:canned-tomatoes","Cherry tomatoes 
55%, tomato juice
.","1","a","a-plus","28.0","3.4","2.5e-05","false","pending","","Global Food Nutrition Database (Open Food Facts snapshot, 2025-12-10)","English-readable product from a global-priority market; verify familiarity and classification"
"5060054134033","brilliant beetroot","cawston press","Australia, France, en:united-kingdom","Aliments et boissons à base de végétaux, Boissons, Boissons à base de végétaux, Aliments et boissons à base de légumes, Boissons aux fruits, Jus et nectars, Boissons aux légumes, Jus de légumes, Jus de fruits, Jus de fruits pur jus","90% JUS DE BETTERAVE PRESSE, 10% JUS DE POMME PRESSÉ, ANTIOXYDANT: VITAMINE C (ACIDE ASCORBIQUE) RÉFRIGERER","1","c","e","39.0","8.1","0.0875","false","pending","","Global Food Nutrition Database (Open Food Facts snapshot, 2025-12-10)","English-readable product from a global-priority market; verify familiarity and classification"
"5034660021445","Bournville Cocoa","Cadbury","France,United Kingdom,United States","Beverages and beverages preparations,Beverages,Breakfasts,Cocoa and its products,Hot beverages,Beverage preparations,Cocoa and chocolate powders,Instant beverages,Cocoa powders,Instant chocolate powders","Cocoa powder, acidity regulator (sodium carbonate).","1","unknown","b","355.0","0.0","1.75","false","pending","","Global Food Nutrition Database (Open Food Facts snapshot, 2025-12-10)","English-readable product from a global-priority market; verify familiarity and classification"
"0689544083016","Total 0% Yougart","FAGE","United States, World","Dairies, Fermented foods, Desserts, Fermented milk products, Dairy desserts, Fermented dairy desserts, Yogurts, Greek-style yogurts","grade A pasteurized skimmed milk, live active yogurt cultures (L. bulgaricus, S. thermophilus, L. acidophilus, bifidus, L. casei)","1","a","b","52.9","2.94","0.0956","false","pending","","Global Food Nutrition Database (Open Food Facts snapshot, 2025-12-10)","English-readable product from a global-priority market; verify familiarity and classification"
"0030000012000","Quick 1-Minute Oats","Quaker Oats","Canada,France,United States, World","Plant-based foods and beverages,Plant-based foods,Breakfasts,Cereals and potatoes,Cereals and their products,Breakfast cereals,Flakes,Cereal flakes,Rolled flakes,Rolled oats","whole grain rolled oats,","1","a","b","","","","false","pending","","Global Food Nutrition Database (Open Food Facts snapshot, 2025-12-10)","English-readable product from a global-priority market; verify familiarity and classification"
"5010029219494","Super smooth porridge imp","Ready break, Weetabix","France, United Kingdom, United States, en:ireland","Plant-based foods and beverages, Plant-based foods, Breakfasts, Cereals and potatoes, Cereals and their products, Breakfast cereals, Porridge","wholegrain rolled oats (60%), wholegrain oat flour (38%), calcium, niacin, iron, riboflavin (b2), vitamin b6, thiamin (b1), folic acid, vitamin d, vitamin b12,","1","unknown","e","374.0","","","false","pending","","Global Food Nutrition Database (Open Food Facts snapshot, 2025-12-10)","English-readable product from a global-priority market; verify familiarity and classification"
"6111242101180","uht jaouda 1L","Jaouda","Democratic Republic of the Congo,Mauritania,Morocco,United States","Dairies,Milks,Homogenized milks,UHT Milks,Whole milks,Cow milks,Whole milk UHT","Lait entier","1","b","d","58.0","0.0","0.0","false","pending","","Global Food Nutrition Database (Open Food Facts snapshot, 2025-12-10)","English-readable product from a global-priority market; verify familiarity and classification"
"0034000052004","COCOA","HERSHEY'S","Morocco, Spain, United States, Germany","Cocoa and its products,Cocoa and chocolate powders,Cocoa powders","cocoa","1","unknown","f","","","","false","pending","","Global Food Nutrition Database (Open Food Facts snapshot, 2025-12-10)","English-readable product from a global-priority market; verify familiarity and classification"
"0898999000503","Coconut Water The Original","Vita Coco","Belgium, France, United Kingdom, United States, World, en:germany","Beverages and beverages preparations, Plant-based foods and beverages, Beverages, Plant-based beverages, Coconut waters","Coconut Water 99%, Vitamin C","1","b","d","13.0","2.2","0.06","false","pending","","Global Food Nutrition Database (Open Food Facts snapshot, 2025-12-10)","English-readable product from a global-priority market; verify familiarity and classification"
"0030000010204","OLD FASHIONED","QUAKER OATS","France,Germany,United States, World","Plant-based foods and beverages, Plant-based foods, Breakfasts, Cereals and potatoes, Cereals and their products, Breakfast cereals, Flakes, Cereal flakes, Rolled flakes, Rolled oats","whole grain rolled oats.","1","a","b","375.0","2.5","0.0","false","pending","","Global Food Nutrition Database (Open Food Facts snapshot, 2025-12-10)","English-readable product from a global-priority market; verify familiarity and classification"
"0034361704642","Skyr nature","Danone","United States, en:france","Dairies,Desserts,Dairy desserts,Plain skyrs","Lait écrémé, ferments lactiques (lait).","1","unknown","b","57.0","3.90000009536743","","false","pending","","Global Food Nutrition Database (Open Food Facts snapshot, 2025-12-10)","English-readable product from a global-priority market; verify familiarity and classification"
"0051500017005","Natural Creamy Peanut Butter","Smucker's","France,United States,World","Plant-based foods and beverages,Plant-based foods,Legumes and their products,Spreads,Nuts and their products,Plant-based spreads,Oilseed purees,Legume butters,Nut butters,Peanut butters","PEANUTS, CONTAINS 1% OR LESS OF SALT.","1","c","d","594.0","6.25","0.859","false","pending","","Global Food Nutrition Database (Open Food Facts snapshot, 2025-12-10)","English-readable product from a global-priority market; verify familiarity and classification"
"0894700010137","Greek Yogurt Nonfat Plain","Chobani","United States","Dairies, Fermented foods, Desserts, Fermented milk products, Dairy desserts, Fermented dairy desserts, Yogurts, Greek-style yogurts","_cultured nonfat milk_, S. Thermophilus, L. Bulgaricus, L. Acidophilus, Bifidus, L. Casei, L. Rhamnosus","1","a","b","52.9","3.53","0.0956","false","pending","","Global Food Nutrition Database (Open Food Facts snapshot, 2025-12-10)","English-readable product from a global-priority market; verify familiarity and classification"
"7610900299072","Onken","natural set yogurt","United States, en:united-kingdom","Dairies, Fermented foods, Desserts, Fermented milk products, Dairy desserts, Fermented dairy desserts, Yogurts, Cow milk yogurts, Natural-yogurt","Yogurt (MILK), Vitamin D. Contains live cultures: Lactobacillus Bulgaricus, Streptococcus Thermophilus, and Bifidobacterium.","1","b","b","64.0","4.7","0.1375","false","pending","","Global Food Nutrition Database (Open Food Facts snapshot, 2025-12-10)","English-readable product from a global-priority market; verify familiarity and classification"
"0096619483556","organic GREEK YOGURT plain","KIRKLAND Signature","Mexico,Spain,United States,Francia","Dairies, Fermented foods, Fermented milk products, Desserts, Dairy desserts, Fermented dairy desserts, Yogurts, Greek-style yogurts","organic pasteurized grade a nonfat milk, live and active cultures (streptococcus thermophilus, lactobacillus bulgaricus, lactobacillus acidophilus, bifidus, lactobacillus casei).","1","a","b","58.8","2.35","0.0956","false","pending","","Global Food Nutrition Database (Open Food Facts snapshot, 2025-12-10)","English-readable product from a global-priority market; verify familiarity and classification"
"5036589255550","Yoghurt","Yeo Valley","United States, en:united-kingdom","Dairies, Fermented foods, Desserts, Fermented milk products, Dairy desserts, Fermented dairy desserts, Yogurts, Plain yogurts, Cow milk yogurts","milk","1","b","a-plus","72.0","4.9","0.12","false","pending","","Global Food Nutrition Database (Open Food Facts snapshot, 2025-12-10)","English-readable product from a global-priority market; verify familiarity and classification"
"0073420000110","Sour Cream","Daisy","United States","Dairies, Fermented foods, Fermented milk products, Creams, Fermented creams, Sour creams, en:spreadable-fats","CULTURED CREAM.","1","d","b","200.0","3.33","0.125","false","pending","","Global Food Nutrition Database (Open Food Facts snapshot, 2025-12-10)","English-readable product from a global-priority market; verify familiarity and classification"
"0096619885718","Extra Fancy Unsalted Mixed Nuts","Kirkland Signature","Canada,United States","Plant-based foods and beverages,Plant-based foods,Nuts and their products,Nuts,Unsalted-mixed-nuts","Cashews, Almonds, Pistachios, Pecans, Highly refined peanut oil. May contain: Peanuts, Other tree nuts, Milk, Sesame, Soy, Wheat, Mustard, Sulfites.","1","d","unknown","600.0","7.05","0.0","false","pending","","Global Food Nutrition Database (Open Food Facts snapshot, 2025-12-10)","English-readable product from a global-priority market; verify familiarity and classification"
"0078742040370","Purified Drinking Water","Great Value,Wal-Mart Stores Inc.","United States","Beverages,Waters,Unsweetened beverages,Drinking water","PURIFIED WATER, CALCIUM CHLORIDE SODIUM BICARBONATE.","1","b","not-applicable","0.0","0.0","0.0","false","pending","","Global Food Nutrition Database (Open Food Facts snapshot, 2025-12-10)","English-readable product from a global-priority market; verify familiarity and classification"
"3068320014067","Evian 75cl PET","Evian","Australia,France,Morocco,Spain,Sweden,Switzerland,United Kingdom,Cambodia","Beverages, Waters, Spring waters, Mineral waters, Natural mineral waters, en:unsweetened-beverages","water","1","a","not-applicable","0.0","0.0","0.0","false","pending","","Global Food Nutrition Database (Open Food Facts snapshot, 2025-12-10)","English-readable product from a global-priority market; verify familiarity and classification"
"0096619756803","Water, Bottled","Kirkland Signature","United States,","Beverages, Waters, Unsweetened beverages","Purified Water, Potassium Bicarbonate, Sodium Bicarbonate, Calcium Citrate, Sodium Chloride, Magnesium Oxide","1","unknown","not-applicable","0.0","","","false","pending","","Global Food Nutrition Database (Open Food Facts snapshot, 2025-12-10)","English-readable product from a global-priority market; verify familiarity and classification"
"8997212610412","Organic Coconut Milk","Kara","France,Singapore","Plant-based foods and beverages, Beverages, Plant-based foods, Dairy substitutes, Milk substitutes, Plant-based beverages, Plant-based milk alternatives, Plant-based creams, Plant-based creams for cooking, Coconut milks and creams","organic coconut milk","1","e","a-plus","178.0","1.8","0.04","false","pending","","Global Food Nutrition Database (Open Food Facts snapshot, 2025-12-10)","English-readable product from a global-priority market; verify familiarity and classification"
"0884912180599","Shredded Wheat'n Bran","Post Consumer Brands, Post","United States, World","Plant-based foods and beverages, Plant-based foods, Breakfasts, Cereals and potatoes, Cereals and their products, Breakfast cereals, extruded cereals","Whole Grain Wheat,Wheat Bran,BHT","1","a","e","350.0","0.0","0.0","false","pending","","Global Food Nutrition Database (Open Food Facts snapshot, 2025-12-10)","English-readable product from a global-priority market; verify familiarity and classification"
"0078742051451","Purified Water","Member's Mark","Spain,United States","Beverages,Waters,Unsweetened beverages","PURIFIED WATER, CALCIUM CHLORIDE, SODIUM BICARBONATE.","1","b","not-applicable","0.0","0.0","0.0","false","pending","","Global Food Nutrition Database (Open Food Facts snapshot, 2025-12-10)","English-readable product from a global-priority market; verify familiarity and classification"
"0030000010402","Old Fashioned Oats","Quaker Oats","United States,World","Plant-based foods and beverages,Plant-based foods,Breakfasts,Cereals and potatoes,Seeds,Cereals and their products,Breakfast cereals,Cereal grains,Flakes,Cereal flakes,Rolled flakes,Rolled oats","whole grain rolled oats,","1","a","b","375.0","2.5","0.0","false","pending","","Global Food Nutrition Database (Open Food Facts snapshot, 2025-12-10)","English-readable product from a global-priority market; verify familiarity and classification"
"00282123","Authentic Greek Yoghurt","Taste The Difference","United Kingdom","Dairies, Fermented foods, Desserts, Fermented milk products, Dairy desserts, Fermented dairy desserts, Yogurts, Plain yogurts, Greek-style yogurts, Plain greek-style yogurts","Natural Greek Yogurt (Cows' _Milk_)","1","c","b","137.0","3.2","0.107","false","pending","","Global Food Nutrition Database (Open Food Facts snapshot, 2025-12-10)","English-readable UK product used to complete level balance; verify familiarity and classification"
"4088600248752","Bite size wheat shreds","Harvest Morn, Aldi","en:gb","Plant-based foods and beverages, Plant-based foods, Breakfasts, Cereals and potatoes, Cereals and their products, Breakfast cereals, Whole grain wheat cereal biscuits, Extruded cereals","whole grain wheat (100%)","1","a","e","367.0","0.667","0.0333","false","pending","","Global Food Nutrition Database (Open Food Facts snapshot, 2025-12-10)","English-readable UK product used to complete level balance; verify familiarity and classification"
"5060069170033","Agave Nectar","the-groovy-food-company","United Kingdom","Plant-based foods and beverages, Plant-based foods, Sweeteners, Syrups, Simple syrups, Agave syrups","100% Organic Agave Nectar.","1","d","c","298.0","66.11","0.0","false","pending","","Global Food Nutrition Database (Open Food Facts snapshot, 2025-12-10)","English-readable UK product used to complete level balance; verify familiarity and classification"
"5000169647561","Chickpeas in water","Essential Waitrose,Waitrose","United Kingdom","Plant-based foods and beverages, Plant-based foods, Legumes and their products, Canned foods, Legumes, Seeds, Canned plant-based foods, Legume seeds, Pulses, Chickpeas, Canned legumes, Canned chickpeas","Chickpeas, water, antioxidant (ascorbic acid)","1","a","a","118.0","0.6","0.04","false","pending","","Global Food Nutrition Database (Open Food Facts snapshot, 2025-12-10)","English-readable UK product used to complete level balance; verify familiarity and classification"
"4056489825623","Scottish Porridge Oats","Crownfield","en:United Kingdom","Plant-based foods and beverages, Plant-based foods, Breakfasts, Cereals and potatoes, Cereals and their products, Breakfast cereals, Scottish porridge oats, en:porridge","wholegrain rolled oats","1","a","e","386.0","0.8","7.5e-05","false","pending","","Global Food Nutrition Database (Open Food Facts snapshot, 2025-12-10)","English-readable UK product used to complete level balance; verify familiarity and classification"
"00436151","Tahini","By sainsbury's","United Kingdom","Plant-based foods and beverages,Plant-based foods,Cereals and potatoes,Spreads,Cereals and their products,Plant-based spreads,Oilseed purees,Cereal butters,Tahini","Sesame Seed (100%).","1","d","d","664.0","1.3","0.02","false","pending","","Global Food Nutrition Database (Open Food Facts snapshot, 2025-12-10)","English-readable UK product used to complete level balance; verify familiarity and classification"
"5060132284308","Peanut Butter","Meridian","Spain, United Kingdom, en:ireland","Plant-based foods and beverages, Plant-based foods, Legumes and their products, Spreads, Plant-based spreads, Oilseed purees, Legume butters, Peanut butters, en:nut-butters","Roasted Peanuts","1","unknown","c","596.0","5.9","","false","pending","","Global Food Nutrition Database (Open Food Facts snapshot, 2025-12-10)","English-readable UK product used to complete level balance; verify familiarity and classification"
"5057753910822","Organic chickpeas in water","Tesco","United Kingdom","Plant-based foods and beverages, Plant-based foods, Legumes and their products, Canned foods, Legumes, Seeds, Canned plant-based foods, Legume seeds, Pulses, Chickpeas, Canned legumes, Canned chickpeas","Organic Chickpeas, Water.","1","a","a","115.0","0.4","0.1","false","pending","","Global Food Nutrition Database (Open Food Facts snapshot, 2025-12-10)","English-readable UK product used to complete level balance; verify familiarity and classification"
"5036589255598","Organic Natural Yoghurt","Yeo Valley","United Kingdom","Dairies,Fermented foods,Fermented milk products,Desserts,Dairy desserts,Fermented dairy desserts,Yogurts,Plain fermented dairy desserts,Plain yogurts","Organic Milk, bifidobacterium live culture","1","b","a","72.0","4.9","0.117","false","pending","","Global Food Nutrition Database (Open Food Facts snapshot, 2025-12-10)","English-readable UK product used to complete level balance; verify familiarity and classification"
"5051140350352","Wholewheat Penne","Tesco","France,United Kingdom","Plant-based foods and beverages,Plant-based foods,Cereals and potatoes,Cereals and their products,Pastas,Cereal pastas,Dry pastas,Durum wheat pasta,Durum wheat penne,Penne","Durum Wholewheat Semolina","1","a","unknown","145.0","0.7","0.02","false","pending","","Global Food Nutrition Database (Open Food Facts snapshot, 2025-12-10)","English-readable UK product used to complete level balance; verify familiarity and classification"
"5060238480345","Organic cacao nibs","Naturya","en:gb","Snacks, Cacao Nibs","100% Organic Cacao Nibs","1","d","unknown","633.0","0.7","0.02","false","pending","","Global Food Nutrition Database (Open Food Facts snapshot, 2025-12-10)","English-readable UK product used to complete level balance; verify familiarity and classification"
"7613287170989","shredded wheat","Nestlé","en:gb","Plant-based foods and beverages, Plant-based foods, Breakfasts, Cereals and potatoes, Cereals and their products, Breakfast cereals, extruded cereals","whole grain wheat (100%)","1","a","d","367.0","0.7","0.05","false","pending","","Global Food Nutrition Database (Open Food Facts snapshot, 2025-12-10)","English-readable UK product used to complete level balance; verify familiarity and classification"
"4056489462828","Simply porridge oats","Lidl","en:gb","Plant-based foods and beverages, Plant-based foods, Breakfasts, Cereals and potatoes, Cereals and their products, Breakfast cereals, Flakes, Cereal flakes, Rolled flakes, Porridge, Rolled oats","wholegrain rolled oats","1","a","a","368.0","1.0","0.025","false","pending","","Global Food Nutrition Database (Open Food Facts snapshot, 2025-12-10)","English-readable UK product used to complete level balance; verify familiarity and classification"
"3274080005003","Eau De Source","Cristaline","Belgium,Côte d'Ivoire,France,Germany,Guadeloupe,Italy,Luxembourg,Mali,Martinique,New Caledonia,Switzerland,United Kingdom","Beverages and beverages preparations,Beverages,Waters,Spring waters,Mineral waters,Unsweetened beverages,Natural mineral waters","Eau de source","1","a","not-applicable","0.0","0.0","0.0525","false","pending","","Global Food Nutrition Database (Open Food Facts snapshot, 2025-12-10)","English-readable UK product used to complete level balance; verify familiarity and classification"
"4056489458647","Cannellini Beans in Water","Freshona","United Kingdom","Plant-based foods and beverages,Plant-based foods,Legumes and their products,Canned foods,Legumes,Seeds,Canned plant-based foods,Legume seeds,Pulses,Common beans,Canned legumes,White beans,Canned common beans,Beans,Cannellini Beans","Cannellini Beans, Water","1","a","a","62.0","0.3","0.03","false","pending","","Global Food Nutrition Database (Open Food Facts snapshot, 2025-12-10)","English-readable UK product used to complete level balance; verify familiarity and classification"
"5000232005915","Tuna","Princes","United Kingdom","Seafood,Fishes and their products,Canned foods,Fishes,Fatty fishes,Canned fishes,Tunas,Canned tunas","tuna [fish], spring water.","1","a","d","99.0","0.0","0.835","false","pending","","Global Food Nutrition Database (Open Food Facts snapshot, 2025-12-10)","English-readable UK product used to complete level balance; verify familiarity and classification"
"5056215600233","Whole Chestnuts","Merchant Gourmet","en:United Kingdom","Plant-based foods and beverages, Plant-based foods, Nuts and their products, Nuts, Whole chestnuts, en:chestnuts","Chestnuts","1","a","d","170.0","9.5","0.02","false","pending","","Global Food Nutrition Database (Open Food Facts snapshot, 2025-12-10)","English-readable UK product used to complete level balance; verify familiarity and classification"
"5060490010496","Fresh Root Ginger 7x Shots","MOJU","en:gb","Juice","Apple, Ginger Root (25%), Lemon, Antioxidant: Ascorbic Acid (PER 100ml) NUTRITION/VITAMINS Energy 83kJ/","1","a","unknown","47.0","8.6","0.0","false","pending","","Global Food Nutrition Database (Open Food Facts snapshot, 2025-12-10)","English-readable UK product used to complete level balance; verify familiarity and classification"
"5070000206868","Tempeh Organic","Better Nature","United Kingdom","Plant-based foods and beverages, Plant-based foods, Legumes and their products, Meat alternatives, Tempeh","_Soya_ beans, water, tempeh culture (rice flour, inoculum).","1","a","a-plus","173.0","0.1","0.01","false","pending","","Global Food Nutrition Database (Open Food Facts snapshot, 2025-12-10)","English-readable UK product used to complete level balance; verify familiarity and classification"
"4056489126669","Apfelsaft aus Apfelsaftkonzentrat","Naturis","Belgium, France, Germany, en:united-kingdom","Boissons et préparations de boissons, Aliments et boissons à base de végétaux, Boissons, Aliments d'origine végétale, Aliments à base de fruits et de légumes, Surgelés, Fruits et produits dérivés, Boissons à base de végétaux, Boissons aux fruits, Fruits, Jus et nectars, Pommes, Jus de fruits, Boissons sans alcool, Boissons sans sucre ajouté, Jus de pomme, Jus de fruits à base de concentré, Jus de pomme à base de concentré","100% jus de pomme à base de concentré.","1","c","c","44.0","10.0","0.01","false","pending","","Global Food Nutrition Database (Open Food Facts snapshot, 2025-12-10)","English-readable UK product used to complete level balance; verify familiarity and classification"
"5010338300876","Natural Tahini","Al’fez","en:United Kingdom","Plant-based foods and beverages, Plant-based foods, Cereals and potatoes, Spreads, Cereals and their products, Plant-based spreads, Oilseed purees, Cereal butters, Tahini, 100% sesame seed paste","Roasted ground sesame seeds","1","d","c","663.0","0.7","0.305","false","pending","","Global Food Nutrition Database (Open Food Facts snapshot, 2025-12-10)","English-readable UK product used to complete level balance; verify familiarity and classification"
"20942021","Mixed Beans","Lidl","en:gb","Plant-based foods and beverages, Plant-based foods, Legumes and their products, Legumes, Seeds, Legume seeds, Pulses, Common beans, en:canned-common-beans","60% Mixed Beans in Varying Proportions (Cannellini Beans, Haricot Beans, Adzuki Beans), Water, Ascorbic Acid, Calcium Chloride","1","a","b","103.0","0.5","0.03","false","pending","","Global Food Nutrition Database (Open Food Facts snapshot, 2025-12-10)","English-readable UK product used to complete level balance; verify familiarity and classification"
"29210053","Crafted Signature Sourdough Bread","Marks & Spencer","en:gb","Plant-based foods and beverages, Plant-based foods, Cereals and potatoes, Breads, Sourdough-loaf","Wheatflour contains Gluten (with Wheatflour, Calcium Carbonate Iron, Niacin, Thiamin) Water Rye Flour (contains Gluten) Wholegrain Wheatflour (contains Gluten) Malted Rye (contains Gluten) Sea Salt Malted Wheat (contains Gluten) Barley Malt Flour (contains Gluten) Barley Malt Extract (contains Gluten) Wheatflakes (contains Gluten).","1","unknown","unknown","226.0","","","false","pending","","Global Food Nutrition Database (Open Food Facts snapshot, 2025-12-10)","English-readable UK product used to complete level balance; verify familiarity and classification"
"4061461867041","Crunchy 100% Peanut Butter","Grandessa","en:United Kingdom","Plant-based foods and beverages, Plant-based foods, Legumes and their products, Spreads, Plant-based spreads, Oilseed purees, Legume butters, Peanut butters, Crunchy peanut butters, en:nut-butters","ROASTED PEANUTS (100%)","1","a","d","634.0","4.6","0.0","false","pending","","Global Food Nutrition Database (Open Food Facts snapshot, 2025-12-10)","English-readable UK product used to complete level balance; verify familiarity and classification"
"00852166","Greek Style Yogurt Unsweetened","M&S Food","France,United Kingdom","Dairies,Fermented foods,Fermented milk products,Desserts,Dairy desserts,Fermented dairy desserts,Yogurts,Plain fermented dairy desserts,Plain yogurts,Greek-style yogurts","lait fermenté (Contient lait)","1","c","b","124.0","4.8","0.2","false","pending","","Global Food Nutrition Database (Open Food Facts snapshot, 2025-12-10)","English-readable UK product used to complete level balance; verify familiarity and classification"
"0074305001161","APPLE CIDER VINEGAR","BRAGG","France,India,United States,World","Condiments,Sauces,Vinegars,Cider vinegars,Groceries","ORGANIC APPLE CIDER VINEGAR, WATER.","2","not-applicable","a","0.0","0.0","0.0","false","pending","","Global Food Nutrition Database (Open Food Facts snapshot, 2025-12-10)","India-listed product; verify familiarity and classification"
"8901088000451","Parachnute 100% Pure Coconut Oil","Parachute","France,India,Somalia","Plant-based foods and beverages,Plant-based foods,Fats,Vegetable fats,Vegetable oils,Fruit and fruit seed oils,Coconut oils","Coconut Oil","2","e","unknown","900.0","0.0","0.0","false","pending","","Global Food Nutrition Database (Open Food Facts snapshot, 2025-12-10)","India-listed product; verify familiarity and classification"
"6191509900664","Extra Virgin Olive Oil","Terra Delyssa","France, Switzerland, Tunisia, United States, World, en:united-kingdom","Aliments et boissons à base de végétaux, Aliments d'origine végétale, Matières grasses, Matières grasses végétales, Produits de l'olivier, Huiles, Huiles d'olive, Huiles d'olive vierges extra, Huiles d'olive de Tunisie, Huiles d'olive vierges","First Cold Pressed Extra Virgin Olive Oil","2","b","b","800.0","0.0","0.0","false","pending","","Global Food Nutrition Database (Open Food Facts snapshot, 2025-12-10)","English-readable product from a global-priority market; verify familiarity and classification"
"0815074022915","Avocado Oil Spray","Chosen Foods","Canada, United States, World, en:united-kingdom","Plant-based foods and beverages,Plant-based foods,Fats,Vegetable oils,Fruit and fruit seed oils,Avocado oils,Avocado","AVOCADO OIL.","2","unknown","f","","","","false","pending","","Global Food Nutrition Database (Open Food Facts snapshot, 2025-12-10)","English-readable product from a global-priority market; verify familiarity and classification"
"5011835101058","Smooth Peanut Butter imp","Whole earth","France, United Arab Emirates, en:united-kingdom","Plant-based foods and beverages, Plant-based foods, Legumes and their products, Fats, Spreads, Nuts and their products, Plant-based spreads, Oilseed purees, Legume butters, Nut butters, Peanut butters","roasted peanuts (96%), sustainable palm oil, sea salt","2","c","d","645.0","4.2","0.9825","false","pending","","Global Food Nutrition Database (Open Food Facts snapshot, 2025-12-10)","English-readable product from a global-priority market; verify familiarity and classification"
"3451790988677","Le Beurre Tendre Doux","Elle & Vire, Savencia","Canada,France,Suisse,États-Unis","Dairies, Fats, Spreads, Spreadable fats, Animal fats, Milkfat, Dairy-spread, Butters, Unsalted butters, Sweet cream butters, Butter-82-fat-unsalted-easy-to-spread, fr:Beurres tendres","cream (origin france), milk fat , lactic ferments,","2","e","d","744.0","0.8","0.05","false","pending","","Global Food Nutrition Database (Open Food Facts snapshot, 2025-12-10)","English-readable product from a global-priority market; verify familiarity and classification"
"3165432640006","Sucre de glace","Daddy","Canada,France","Édulcorants,Sucres,Sucres glaces","icing sugar, starch","2","e","a","400.0","98.0","0.0","false","pending","","Global Food Nutrition Database (Open Food Facts snapshot, 2025-12-10)","English-readable product from a global-priority market; verify familiarity and classification"
"6191509900671","Extra Virgin Olive Oil","Terra Delyssa","France, United States, World, en:united-kingdom","Aliments et boissons à base de végétaux,Aliments d'origine végétale,Matières grasses,Matières grasses végétales,Produits de l'olivier,Huiles,Huiles d'olive,Huiles d'olive vierges extra,Huiles d'olive de Tunisie,Huiles d'olive vierges","EXTRA VIRGIN OLIVE OIL","2","b","d","821.0","0.0","0.0","false","pending","","Global Food Nutrition Database (Open Food Facts snapshot, 2025-12-10)","English-readable product from a global-priority market; verify familiarity and classification"
"0037600106740","Peanut Butter Spread","Skippy Natural Creamy","United States","Plant-based foods and beverages,Plant-based foods,Legumes and their products,Fats,Spreads,Nuts and their products,Plant-based spreads,Vegetable fats,Oilseed purees,Legume butters,Nut butters,Peanut butters","ROASTED PEANUTS, SUGAR, PALM OIL, SALT.","2","c","d","594.0","9.38","1.17","false","pending","","Global Food Nutrition Database (Open Food Facts snapshot, 2025-12-10)","English-readable product from a global-priority market; verify familiarity and classification"
"0096619555505","Organic Creamy Peanut Butter","Kirkland","France,United States","Plant-based foods and beverages, Plant-based foods, Legumes and their products, Fats, Spreads, Nuts and their products, Plant-based spreads, Vegetable fats, Oilseed purees, Legume butters, Nut butters, Peanut butters","Dry roasted organic peanuts, sea salt","2","a","c","562.0","3.12","0.508","false","pending","","Global Food Nutrition Database (Open Food Facts snapshot, 2025-12-10)","English-readable product from a global-priority market; verify familiarity and classification"
"0767707001067","Pure Irish Butter Salted","Kerrygold","United States, World","Dairies, Fats, Spreads, Spreadable fats, Animal fats, Milkfat, Dairy-spread, Butters, Salted butters, Sweet cream butters","Pasteurized cream, salt.","2","e","d","714.0","","1.79","false","pending","","Global Food Nutrition Database (Open Food Facts snapshot, 2025-12-10)","English-readable product from a global-priority market; verify familiarity and classification"
"0074305001321","Apple Cider Vinegar","Bragg","France,United States, World","Condiments, Sauces, Vinegars, Cider vinegars, Groceries","Certified Organic, Raw Apple Cider Vinegar and Purified Water","2","not-applicable","a","0.0","","","false","pending","","Global Food Nutrition Database (Open Food Facts snapshot, 2025-12-10)","English-readable product from a global-priority market; verify familiarity and classification"
"6191509905058","Huile d'olive vierge extra (Biologique)","TERRA DELYSSA","Canada,France","Aliments et boissons à base de végétaux,Aliments d'origine végétale,Matières grasses,Matières grasses végétales,Produits de l'olivier,Huiles,Huiles d'olive,Huiles d'olive vierges extra,Huiles d'olive de Tunisie,Huiles d'olive vierges","Huile d'olive vierge Extra Biologique première pression à froid","2","b","d","800.0","0.0","0.0","false","pending","","Global Food Nutrition Database (Open Food Facts snapshot, 2025-12-10)","English-readable product from a global-priority market; verify familiarity and classification"
"0096619032938","Raw & Unfiltered Honey","Kirkland Signature","France, French Polynesia, United States, en:morocco","Breakfasts, Spreads, Sweet spreads, Bee products, Farming products, Sweeteners, Honeys","organic raw honey","2","d","b","286.0","76.2","0.0","false","pending","","Global Food Nutrition Database (Open Food Facts snapshot, 2025-12-10)","English-readable product from a global-priority market; verify familiarity and classification"
"5011273040209","Organic honey","Rowse","United Kingdom","Breakfasts,Spreads,Sweet spreads,Bee products,Farming products,Sweeteners,Honeys","Organic honey.","2","e","a-plus","329.0","80.8","0.03","false","pending","","Global Food Nutrition Database (Open Food Facts snapshot, 2025-12-10)","English-readable UK product used to complete level balance; verify familiarity and classification"
"01292619","Basics Clear Honey","Sainsbury's, Sainsbury's basics","France,United Kingdom","Breakfasts, Spreads, Sweet spreads, Bee products, Farming products, Sweeteners, Honeys","honey 100%","2","e","b","329.0","80.8","0.03","false","pending","","Global Food Nutrition Database (Open Food Facts snapshot, 2025-12-10)","English-readable UK product used to complete level balance; verify familiarity and classification"
"5013635101818","100% pure coconut oil","Ktc","France,United Kingdom","Plant-based foods and beverages, Plant-based foods, Fats, Vegetable fats, Vegetable oils, Fruit and fruit seed oils, Coconut oils","100% coconut oil,","2","e","unknown","899.0","0.0","0.01","false","pending","","Global Food Nutrition Database (Open Food Facts snapshot, 2025-12-10)","English-readable UK product used to complete level balance; verify familiarity and classification"
"5000436449515","Organic Butter","Tesco","United Kingdom","Dairies, Fats, Spreads, Spreadable fats, Animal fats, Milkfat, Dairy-spread, Butters, Salted butters","Butter (_milk_), Salt (1.7%)","2","e","c","745.0","0.6","1.5","false","pending","","Global Food Nutrition Database (Open Food Facts snapshot, 2025-12-10)","English-readable UK product used to complete level balance; verify familiarity and classification"
"5740900404496","Butter","Lurpak","en:United Kingdom","Dairies, Fats, Spreads, Spreadable fats, Animal fats, Milkfat, Dairy-spread, Butters","butter (milk), lactic culture (milk), salt,","2","e","e","739.0","0.7","1.18","false","pending","","Global Food Nutrition Database (Open Food Facts snapshot, 2025-12-10)","English-readable UK product used to complete level balance; verify familiarity and classification"
"20436568","Clear Honey","Highgate Fayre, Lidl","France,Ireland,United Kingdom","Breakfasts, Spreads, Sweet spreads, Bee products, Farming products, Sweeteners, Honeys","100% honey","2","e","a","336.0","81.0","0.0","false","pending","","Global Food Nutrition Database (Open Food Facts snapshot, 2025-12-10)","English-readable UK product used to complete level balance; verify familiarity and classification"
"5051008878592","Organic Extra Virgin Olive Oil","Tesco","France,United Kingdom,Ireland","Plant-based foods and beverages, Plant-based foods, Fats, Vegetable fats, Olive tree products, Vegetable oils, Olive oils, Extra-virgin olive oils, Virgin olive oils","Extra Virgin Olive Oil","2","b","c","900.0","0.0","0.0","false","pending","","Global Food Nutrition Database (Open Food Facts snapshot, 2025-12-10)","English-readable UK product used to complete level balance; verify familiarity and classification"
"5000119018663","Sunflower oil","Tesco","France,United Kingdom","Plant-based foods and beverages, Plant-based foods, Fats, Vegetable fats, Vegetable oils, Sunflower seeds and their products, Sunflower oils","Sunflower oil.","2","c","c","900.0","0.0","0.0","false","pending","","Global Food Nutrition Database (Open Food Facts snapshot, 2025-12-10)","English-readable UK product used to complete level balance; verify familiarity and classification"
"5740900805408","Lurpak Spreadable Slightly Salted","Lurpak","France, United Kingdom","Dairies, Fats, Spreads, Spreadable fats, Animal fats, Milkfat, Dairy-spread, Butters","butter (64%) (milk), rapeseed oil, water, lactic culture (milk), salt, for allergens, see ingredients in bold,","2","e","e","680.0","1.0","0.9","false","pending","","Global Food Nutrition Database (Open Food Facts snapshot, 2025-12-10)","English-readable UK product used to complete level balance; verify familiarity and classification"
"4088600313979","Nordpack Spreadable Butter","","en:gb","Dairies, Fats, Spreads, Spreadable fats, Animal fats, Milkfat, Dairy-spread, Butters","BUTTER 55% (_Milk_), Rapeseed Oil, RECONSTITUTED _BUTTERMILK_ 7%, Water, Lactic Cultures (_Milk_), Salt.","2","d","d","677.0","0.5","0.95","false","pending","","Global Food Nutrition Database (Open Food Facts snapshot, 2025-12-10)","English-readable UK product used to complete level balance; verify familiarity and classification"
"5019989103096","Fine Sea Salt","Saxa","France, United Kingdom","en:table-salts","Sea Salt, Anti-caking Agent (Sodium Hexacyanoferrate ll).","2","not-applicable","a","","","","false","pending","","Global Food Nutrition Database (Open Food Facts snapshot, 2025-12-10)","English-readable UK product used to complete level balance; verify familiarity and classification"
"5060265830274","Extra Virgin Rapeseed Oil","Mr Hughs","en:United Kingdom","Plant-based foods and beverages, Plant-based foods, Fats, Vegetable fats, Vegetable oils, Rapeseed oils","100% rapeseed oil","2","b","c","899.0","0.5","0.01","false","pending","","Global Food Nutrition Database (Open Food Facts snapshot, 2025-12-10)","English-readable UK product used to complete level balance; verify familiarity and classification"
"5740900402768","Lupark Spreadable Lighter","Lurpak","United Kingdom","Dairies, Fats, Spreads, Spreadable fats, Animal fats, Milkfat, Dairy-spread, Butters","butter (40%) ( milk ), water, rapeseed oil, salt,","2","d","d","516.0","0.4","0.91","false","pending","","Global Food Nutrition Database (Open Food Facts snapshot, 2025-12-10)","English-readable UK product used to complete level balance; verify familiarity and classification"
"5011273024759","Rowse organic honey","Rowse","en:United Kingdom","Breakfasts, Spreads, Sweet spreads, Bee products, Farming products, Sweeteners, Honeys","Honey","2","e","a-plus","329.0","80.8","0.025","false","pending","","Global Food Nutrition Database (Open Food Facts snapshot, 2025-12-10)","English-readable UK product used to complete level balance; verify familiarity and classification"
"5010171005006","Spreadable Tub","Country Life","en:gb","Plant-based foods and beverages, Dairies, Plant-based foods, Fats, Spreads, Plant-based spreads, Spreadable fats, Vegetable fats, Animal fats, Milkfat, Dairy-spread, Margarines, Butters","Butter, Rapeseed Oil, Water, Salt","2","e","e","596.0","0.3","1.3","false","pending","","Global Food Nutrition Database (Open Food Facts snapshot, 2025-12-10)","English-readable UK product used to complete level balance; verify familiarity and classification"
"5060106170002","Mellow Yellow Rapeseed oil","Farrington Oil","en:gb","Plant-based foods and beverages, Plant-based foods, Fats, Vegetable fats, Vegetable oils, Rapeseed oils","100% rapeseed oil","2","b","a","818.0","0.1","0.0","false","pending","","Global Food Nutrition Database (Open Food Facts snapshot, 2025-12-10)","English-readable UK product used to complete level balance; verify familiarity and classification"
"5011038135126","Softer Butter","Kerrygold","France, en:united-kingdom","Dairies, Fats, Spreads, Spreadable fats, Animal fats, Milkfat, Dairy-spread, Butters, Unsalted butters","cream, salt (1.8%)","2","e","e","726.0","0.8","1.2","false","pending","","Global Food Nutrition Database (Open Food Facts snapshot, 2025-12-10)","English-readable UK product used to complete level balance; verify familiarity and classification"
"5060336500044","Malt Vinegar","Sarson's","United Kingdom,en:united-kingdom","Condiments, Vinegars","barley malt vinegar, barley malt extract","2","not-applicable","a","9.0","0.0","0.0975","false","pending","","Global Food Nutrition Database (Open Food Facts snapshot, 2025-12-10)","English-readable UK product used to complete level balance; verify familiarity and classification"
"00351546","Salted English Butter","Sainsbury's,by sainsbury's","United Kingdom","Dairies, Fats, Spreads, Spreadable fats, Animal fats, Milkfat, Dairy-spread, Butters, Salted butters","_Butter_ (cow's _milk_) (98%), Salt (1.6%)","2","e","d","745.0","0.6","1.475","false","pending","","Global Food Nutrition Database (Open Food Facts snapshot, 2025-12-10)","English-readable UK product used to complete level balance; verify familiarity and classification"
"00064491","Sunflower Oil","Sainsbury's","United Kingdom","Plant-based foods and beverages, Plant-based foods, Fats, Vegetable fats, Vegetable oils, Sunflower seeds and their products, Sunflower oils","Sunflower oil.","2","c","c","828.0","0.5","0.01","false","pending","","Global Food Nutrition Database (Open Food Facts snapshot, 2025-12-10)","English-readable UK product used to complete level balance; verify familiarity and classification"
"4088600313030","Honey","Grandessa","United Kingdom","Breakfasts,Spreads,Sweet spreads,Bee products,Farming products,Sweeteners,Honeys","honey","2","d","a","307.0","76.4","0.03","false","pending","","Global Food Nutrition Database (Open Food Facts snapshot, 2025-12-10)","English-readable UK product used to complete level balance; verify familiarity and classification"
"5060367180383","Smooth Peanut Butter","Pip & Nut","France,Italy,United Kingdom","Plant-based foods and beverages, Plant-based foods, Legumes and their products, Fats, Spreads, Nuts and their products, Plant-based spreads, Oilseed purees, Legume butters, Nut butters, Peanut butters","_Peanuts_ (99.6%), sea salt.","2","a","c","593.0","6.6","0.4425","false","pending","","Global Food Nutrition Database (Open Food Facts snapshot, 2025-12-10)","English-readable UK product used to complete level balance; verify familiarity and classification"
"5011273040698","Runny Honey imp","Rowse","France, United Kingdom, en:ireland","Breakfasts, Spreads, Sweet spreads, Bee products, Farming products, Sweeteners, Honeys","honey","2","e","a","329.0","80.8","0.03","false","pending","","Global Food Nutrition Database (Open Food Facts snapshot, 2025-12-10)","English-readable UK product used to complete level balance; verify familiarity and classification"
"4088600020280","Squeezy Honey","GRANDESSA","en:united-kingdom","Breakfasts, Spreads, Sweet spreads, Bee products, Sweeteners, Honey-based preparations, en:honeys","honey","2","e","b","","","","false","pending","","Global Food Nutrition Database (Open Food Facts snapshot, 2025-12-10)","English-readable UK product used to complete level balance; verify familiarity and classification"
"4088600157887","Balsamic Vinegar of Modena","","United Kingdom","Condiments,Vinegars,Balsamic vinegars,Balsamic vinegars of Modena","Wine Vinegar (Sulphites), Concentrated Grape Musc (Sulphites)","2","not-applicable","a","106.0","18.0","0.09","false","pending","","Global Food Nutrition Database (Open Food Facts snapshot, 2025-12-10)","English-readable UK product used to complete level balance; verify familiarity and classification"
"5011273024650","Honey","Rowse","United Kingdom","honey","honey","2","e","a-plus","329.0","80.8","0.025","false","pending","","Global Food Nutrition Database (Open Food Facts snapshot, 2025-12-10)","English-readable UK product used to complete level balance; verify familiarity and classification"
"5060298572431","Blossom Honey","Hiltop Honey","United Kingdom","Breakfasts,Spreads,Sweet spreads,Bee products,Farming products,Sweeteners,Honeys,Cherry blossom honeys","Honey","2","d","a","307.0","76.0","0.03","false","pending","","Global Food Nutrition Database (Open Food Facts snapshot, 2025-12-10)","English-readable UK product used to complete level balance; verify familiarity and classification"
"4056489091738","Mild olive oil","Lidl,Primadonna","United Kingdom","Plant-based foods and beverages,Plant-based foods,Fats,Vegetable fats,Olive tree products,Vegetable oils,Olive oils,Olive oil mixes","Olive oil (refined olive oils, virgin olive oils).","2","b","d","828.0","0.0","0.0","false","pending","","Global Food Nutrition Database (Open Food Facts snapshot, 2025-12-10)","English-readable UK product used to complete level balance; verify familiarity and classification"
"4061459381702","EXTRA VIRGIN OLIVE OIL","Solesta","en:united-kingdom","Plant-based foods and beverages, Plant-based foods, Fats, Vegetable fats, Olive tree products, Vegetable oils, Olive oils, Extra-virgin olive oils, en:virgin-olive-oils","olive oil","2","b","e","820.0","0.0","0.0","false","pending","","Global Food Nutrition Database (Open Food Facts snapshot, 2025-12-10)","English-readable UK product used to complete level balance; verify familiarity and classification"
"5055534301180","Peanut butter","Myprotein, My Protein","France, Germany, Italy, en:united-kingdom","Plant-based foods and beverages, Plant-based foods, Legumes and their products, Fats, Spreads, Nuts and their products, Plant-based spreads, Oilseed purees, Legume butters, Nut butters, Peanut butters","100%  peanuts  (whole skin on)","2","a","d","624.0","5.0","5e-05","false","pending","","Global Food Nutrition Database (Open Food Facts snapshot, 2025-12-10)","English-readable UK product used to complete level balance; verify familiarity and classification"
"4088600054537","British Cold Pressed Rapeseed Oil","Specially Selected,Aldi","United Kingdom","Plant-based foods and beverages,Plant-based foods,Fats,Vegetable fats,Vegetable oils,Rapeseed oils","rapeseed oil","2","b","b","826.0","0.5","0.01","false","pending","","Global Food Nutrition Database (Open Food Facts snapshot, 2025-12-10)","English-readable UK product used to complete level balance; verify familiarity and classification"
"5059697687792","Amber maple syrup","Tesco Finest","en:gb","Sweeteners, Syrups, Simple syrups, Maple syrups, Amber maple syrups","Maple syrup. Suitable for vegans.","2","d","b","261.0","61.0","0.01","false","pending","","Global Food Nutrition Database (Open Food Facts snapshot, 2025-12-10)","English-readable UK product used to complete level balance; verify familiarity and classification"
"5000246728787","Yeo Valley Salted Butter","Yeo Valley","en:United Kingdom","Dairies, Fats, Spreads, Spreadable fats, Animal fats, Milkfat, Dairy-spread, Butters, Butter fat","Organic unsalted butter (milk), salt.","2","e","d","745.0","0.6","1.5","false","pending","","Global Food Nutrition Database (Open Food Facts snapshot, 2025-12-10)","English-readable UK product used to complete level balance; verify familiarity and classification"
"3155250361825","President spreadable lightly salted","Lactalis, Président","Belgium, France, en:united-kingdom","Dairies, Fats, Spreads, Spreadable fats, Animal fats, Milkfat, Dairy-spread, Butters, Half-salted butter","Beurre, crème légère, sel (1.3% max), ferments lactiques.","2","e","e","640.0","1.5","3.25","false","pending","","Global Food Nutrition Database (Open Food Facts snapshot, 2025-12-10)","English-readable UK product used to complete level balance; verify familiarity and classification"
"5000232919953","Napolina Extra Virgin Olive Oil 500Ml","Napolina","France, United Kingdom","Plant-based foods and beverages, Plant-based foods, Fats, Vegetable fats, Olive tree products, Vegetable oils, Olive oils, Extra-virgin olive oils, Virgin olive oils","Extra Virgin Olive Oil","2","b","d","823.0","0.0","0.0","false","pending","","Global Food Nutrition Database (Open Food Facts snapshot, 2025-12-10)","English-readable UK product used to complete level balance; verify familiarity and classification"
"4056489383444","Spreadable west contry butter","Lidl","en:gb","Dairies, Fats, Spreads, Spreadable fats, Animal fats, Milkfat, Dairy-spread, Butters","64% Butter (Milk), 26% Rapeseed Oil, Water, 0.9% Cornish Sea Salt, Salt.","2","e","d","718.0","1.0","1.3775","false","pending","","Global Food Nutrition Database (Open Food Facts snapshot, 2025-12-10)","English-readable UK product used to complete level balance; verify familiarity and classification"
"3270190136880","Moutarde de Dijon","Carrefour BIO, Carrefour","France, United States, en:morocco","Condiments, Sauces, Moutardes, Moutardes de Dijon, en:groceries","Eau, graines de _moutarde_ bio 30%, vinaigre d'alcool bio, sel,","3","e","a","165.0","2.1","5.8","false","pending","","Global Food Nutrition Database (Open Food Facts snapshot, 2025-12-10)","English-readable product from a global-priority market; verify familiarity and classification"
"0044000000578","Premium original Galletas de Soda","Nabisco","United States","snacks, salty-snacks, sweet-snacks, appetizers, biscuits-and-cakes, biscuits, da:crackers","unbleached enriched flour (wheat flour, niacin, reduced iron, thiamine mononitrate {vitamin b1}, riboflavin {vitamin b2}, folic acid), canola oil, palm oil, baking soda, sea salt, malted barley flour, calcium carbonate, salt, yeast,","3","d","b","438.0","0.0","2.11","false","pending","","Global Food Nutrition Database (Open Food Facts snapshot, 2025-12-10)","English-readable product from a global-priority market; verify familiarity and classification"
"5011157888101","Pure Basmati Rice","Tilda","Australia,Belgium,Germany,United Kingdom,New Zealand","Plant-based foods and beverages, Plant-based foods, Cereals and potatoes, Seeds, Cereals and their products, Meals, Cereal grains, Rices, Aromatic rices, Indica rices, Long grain rices, Basmati rices","basmati rice 98%, rice bran oil","3","b","f","143.0","0.1","0.03","false","pending","","Global Food Nutrition Database (Open Food Facts snapshot, 2025-12-10)","English-readable product from a global-priority market; verify familiarity and classification"
"5011308000307","Pataks On the Side Lime Pickle","Patak's","Australia, France, New Zealand, en:united-kingdom","Plant-based foods and beverages,Plant-based foods,Pickles,Plant-based pickles,Indian,Indian food","Limes (66%), Rapeseed Oil, Salt, Ground Spices (3%) [Spices, Paprika, MUSTARD), Acid (Acetic Acid), Cracked Yellow MUSTARD Seed (2%), Cracked Fenugreek Seed","3","e","unknown","187.0","2.2","8.9","false","pending","","Global Food Nutrition Database (Open Food Facts snapshot, 2025-12-10)","English-readable product from a global-priority market; verify familiarity and classification"
"0879890000694","Multi-Grain Crackers 6-Seed","Crunchmaster","United States, World","snacks, salty-snacks, appetizers, da:crackers","brown rice flour, sesame seeds, potato starch, safflower oil, flax seeds, rice fiber, tamari soy sauce (soybeans, salt), quinoa seeds, amaranth seeds, millet, sea salt, chia seeds,","3","b","b","466.6667","0.0","0.91666675","false","pending","","Global Food Nutrition Database (Open Food Facts snapshot, 2025-12-10)","English-readable product from a global-priority market; verify familiarity and classification"
"5011157888316","Tilda Coconut Basmati Rice","Sainsbury's, Tilda","Australia,France,United Kingdom,New Zealand","Plant-based foods and beverages,Plant-based foods,Cereals and potatoes,Seeds,Cereals and their products,Cereal grains,Rices,Aromatic rices,Long grain rices","Natural Basmati Rice - Steamed (89%), Coconut Cream (7.5%). Desiccated Coconut (2.3%), Sunflower Oil, Lime Leaf.","3","d","f","163.0","0.4","0.024","false","pending","","Global Food Nutrition Database (Open Food Facts snapshot, 2025-12-10)","English-readable product from a global-priority market; verify familiarity and classification"
"5000436734345","Tesco Finest All Butter Croissant 4 Pack","Tesco","United States, en:united-kingdom","Snacks,Croissants","Wheat Flour (Wheat Flour, Calcium Carbonate, Iron, Niacin, Thiamin) Butter, Water, Sugar, Pasteurised Egg, Dried Skimmed Milk, Yeast, Salt, Inactive Wheat Sourdough, Acetoc Acid, Flour Treatment Agent (Ascorbic Acid), Lactic Acid.","3","e","b","407.0","6.7","0.67","false","pending","","Global Food Nutrition Database (Open Food Facts snapshot, 2025-12-10)","English-readable product from a global-priority market; verify familiarity and classification"
"5021812000656","Bottle of Green Cordial (Handpicked Elderflower)","Bottlegreen Drinks","France, United Kingdom, en:australia","Beverages,Syrups,Cordial,Cordials,Elderflower-cordial,fr:sirops-de-fleurs-de-sureau,Elderflower cordial,Squash","Sugar, Cotswold spring water, elderflowers, fructose citric acid.","3","unknown","b","18.0","4.4","0.0375","false","pending","","Global Food Nutrition Database (Open Food Facts snapshot, 2025-12-10)","English-readable product from a global-priority market; verify familiarity and classification"
"5057545744468","Part Baked Baguettes","H.W. Nevill's","United States, en:united-kingdom","Plant-based foods and beverages, Plant-based foods, Cereals and potatoes, Breads, Baguettes","_Wheat_ Flour, Water, Yeast, Fermented _Wheat_ Flour, Salt, Malted _Wheat_ Flour, Flour Treatment Agent (Ascorbic Acid).","3","c","a","295.0","3.7","1.1","false","pending","","Global Food Nutrition Database (Open Food Facts snapshot, 2025-12-10)","English-readable product from a global-priority market; verify familiarity and classification"
"20083892","lightly salted Rice Cakes","lidl","Australia,Bélgica,Francia,España,Reino Unido","Plant-based foods and beverages,Plant-based foods,Cereals and potatoes,Cereals and their products,Puffed cereal cakes,Puffed rice cakes,Products without gluten","99,7% brown rice, 0,3% salt, 
may also contain sesame and soya","3","c","c","357.0","1.43","0.286","false","pending","","Global Food Nutrition Database (Open Food Facts snapshot, 2025-12-10)","English-readable product from a global-priority market; verify familiarity and classification"
"0051500255650","Peanut Butter Spread","Jif Natural","France,United States, World","Plant-based foods and beverages, Plant-based foods, Legumes and their products, Spreads, Plant-based spreads, Oilseed purees, Legume butters, Peanut butters, en:nut-butters","PEANUTS, SUGAR, PALM OIL, SALT, MOLASSES","3","c","d","576.0","12.1","0.606","false","pending","","Global Food Nutrition Database (Open Food Facts snapshot, 2025-12-10)","English-readable product from a global-priority market; verify familiarity and classification"
"5010044006529","Old English Medium Sliced White Bread","Warburtons","United States,United Kingdom","White breads","_Wheat_ Flour [with Calcium, Iron, Niacin (B3) and Thiamin (B1)], Water, Yeast, Liquid Concentrated Sponge Extract (Water, _Wheat_ Flour, Yeast), Vegetable Oil (Rapeseed, Sustainable Palm), Salt, Fermented _Wheat_ Flour, _Soya_ Flour, Flour Treatment Agent: Ascorbic Acid (Vitamin C).","3","c","unknown","248.0","3.4","0.98","false","pending","","Global Food Nutrition Database (Open Food Facts snapshot, 2025-12-10)","English-readable product from a global-priority market; verify familiarity and classification"
"0078895126396","Premium Soy Sauce","Lee Kum Kee","Australia,Czech Republic,France,Germany,Ireland,New Zealand,United Kingdom,United States","Condiments,Sauces,Soy sauces,fr:Sauces au soja salées,Asian-foods,Chinese-foods","Water, Soybeans 17.5%, Salt, Sugar, Wheat Flour.","3","e","a","100.0","13.3","17.2","false","pending","","Global Food Nutrition Database (Open Food Facts snapshot, 2025-12-10)","English-readable product from a global-priority market; verify familiarity and classification"
"0044000050986","Triscuit Cracker","Mondelez, Nabisco-Triscuit","France,United States, World","snacks, salty-snacks, sweet-snacks, appetizers, biscuits-and-cakes, biscuits, da:crackers","whole grain wheat, canola oil, sea salt.","3","c","b","429.0","0.0","1.52","false","pending","","Global Food Nutrition Database (Open Food Facts snapshot, 2025-12-10)","English-readable product from a global-priority market; verify familiarity and classification"
"5025125000006","Sourdough White Ciabattin","Jason's","Ireland,United Kingdom,United States","Plant-based foods and beverages,Plant-based foods,Cereals and potatoes,Breads,White breads,Sourdough-bread","Wheat Flour (Fortified with Calcium Carbonate, Iron, Niacin, Thiamin), Water, Salt, Fermented Wheat Flour.","3","b","unknown","230.0","2.4","0.905","false","pending","","Global Food Nutrition Database (Open Food Facts snapshot, 2025-12-10)","English-readable product from a global-priority market; verify familiarity and classification"
"0633148100013","Tajin With Lime","Tajin","France, Mexico, United Kingdom, United States, World, en:spain","Condiments, Sauces, Hot sauces, Groceries, Mexican Dinner Mixes, en:spice-mix","chili peppers, sea salt, citric acid, dehydrated lime juice, silicon dioxide","3","not-applicable","e","6.8","0.0","1.4225","false","pending","","Global Food Nutrition Database (Open Food Facts snapshot, 2025-12-10)","English-readable product from a global-priority market; verify familiarity and classification"
"8000320010118","Rosii Cirio Diced Tomatoes","Cirio, Cirio La polpa rustica","Belgium, France, Germany, Switzerland, United Kingdom, United States, en:romania","Plant-based foods and beverages, Plant-based foods, Fruits and vegetables based foods, Canned foods, Vegetables based foods, Canned plant-based foods, Vegetables, Canned vegetables, Tomatoes and their products, Tomatoes, Canned tomatoes, Tomato pulps","chopped tomatoes, tomato paste, salt, acidity regulator: citric acid,","3","a","a","27.0","3.4","0.25","false","pending","","Global Food Nutrition Database (Open Food Facts snapshot, 2025-12-10)","English-readable product from a global-priority market; verify familiarity and classification"
"5011157888132","Tilda Steamed Brown Basmati Rice","Tilda","Australia, France, New Zealand, en:united-kingdom","Plant-based foods and beverages,Plant-based foods,Cereals and potatoes,Rices,Aromatic rices,Indica rices,Long grain rices,Brown rices,Basmati rices,Brown Basmati rices","Natural Basmati Rice - Cooked (98%), Rice Bran Oil, Salt.","3","b","f","129.0","0.2","0.03","false","pending","","Global Food Nutrition Database (Open Food Facts snapshot, 2025-12-10)","English-readable product from a global-priority market; verify familiarity and classification"
"0850000547568","MINI FRUIT BARS","That's it.","United States","Plant-based foods and beverages,Plant-based foods,Fruits and vegetables based foods,Snacks,Sweet snacks,Confectioneries,Fruit paste variety packs","APPLES, STRAWBERRIES. 

APPLES, MANGOES. 

APPLES BLUEBERRIES","3","c","b","300.0","50.0","0.188","false","pending","","Global Food Nutrition Database (Open Food Facts snapshot, 2025-12-10)","English-readable product from a global-priority market; verify familiarity and classification"
"0016000275263","Cheerios","General Mills","Mexico,United States, World","Plant-based foods and beverages, Plant-based foods, Breakfasts, Cereals and potatoes, Cereals and their products, Breakfast cereals, extruded cereals","whole grain oats, corn starch, sugar, salt, tripotassium phosphate, vitamin e (mixed tocopherols), calcium carbonate, iron and zinc (mineral nutrients), vitamin c (sodium ascorbate), a b vitamin (niacinamide), vitamin b6 (pyridoxine hydrochloride), vitamin a (palmitate), vitamin b1 (thiamin mononitrate), a b vitamin (folic acid), vitamin b12, vitamin d3,","3","c","d","359.0","5.13","1.22","false","pending","","Global Food Nutrition Database (Open Food Facts snapshot, 2025-12-10)","English-readable product from a global-priority market; verify familiarity and classification"
"5011013100156","The Original Irish Cream","Baileys","Australia, Belgium, Denmark, France, Germany, Italy, Spain, Switzerland, United Kingdom, en:ireland","Beverages and beverages preparations, Beverages, Alcoholic beverages, Liqueurs, Irish cream","Irish whiskey, sugar, cream, cocoa extract","3","not-applicable","d","327.0","23.0","0.1","false","pending","","Global Food Nutrition Database (Open Food Facts snapshot, 2025-12-10)","English-readable product from a global-priority market; verify familiarity and classification"
"5022019560202","Blueberry & Blackcurrant  Cordial","Belvoir Farm","Australia, France, Germany, en:united-kingdom","Beverages and beverages preparations, Beverages, Sweetened beverages","Sugar, water, blueberry juice 10%, blackcurrant juice 9%, blueberry juice from concentrate 7%, citric acid","3","c","unknown","21.0","4.9","0.0","false","pending","","Global Food Nutrition Database (Open Food Facts snapshot, 2025-12-10)","English-readable product from a global-priority market; verify familiarity and classification"
"5022019090204","Belvoir Farm Ginger Cordial","Ginger Cordial","Australia,France,Germany,United Kingdom","Beverages and beverages preparations,Beverages,Beverage preparations,Syrups,Flavoured syrups,Cordial,Cordials,fr:Sirops de gingembre","Sugar, water, lemon juice from concentrate, fresh root ginger infusion 11%, pressed ginger juice 2%, ginger extracts, capsicum extract.","3","unknown","a","17.0","4.5","0.0","false","pending","","Global Food Nutrition Database (Open Food Facts snapshot, 2025-12-10)","English-readable product from a global-priority market; verify familiarity and classification"
"3600900020404","Fine chapelure de pain","Tipiak","Canada,France","Aliments et boissons à base de végétaux,Aliments d'origine végétale,Céréales et pommes de terre,Pains,Chapelure","Farine de blé (gluten), sel, levure.

Traces possibles de soja, moutarde.","3","c","unknown","364.0","3.7","1.3","false","pending","","Global Food Nutrition Database (Open Food Facts snapshot, 2025-12-10)","English-readable product from a global-priority market; verify familiarity and classification"
"0016000170032","Cheerios","General Mills","United States","Plant-based foods and beverages, Plant-based foods, Breakfasts, Cereals and potatoes, Cereals and their products, Breakfast cereals, extruded cereals","whole grain oats, corn starch, sugar, salt, tripotassium phosphate, vitamin e (mixed tocopherols) added to preserve freshness.","3","c","e","359.0","5.13","1.22","false","pending","","Global Food Nutrition Database (Open Food Facts snapshot, 2025-12-10)","English-readable product from a global-priority market; verify familiarity and classification"
"0602652171864","Oats & Honey Granola with Toasted Coconut","KIND","United States, World","Plant-based foods and beverages, Plant-based foods, Breakfasts, Cereals and potatoes, Cereals and their products, Breakfast cereals, Mueslis","Oats, tapioca syrup, cane sugar, brown rice, honey, millet, oat flour, coconut, canola oil, buckwheat, amaranth, molasses, quinoa, brown rice syrup, sea salt, Vitamin E tocopherols","3","c","b","367.0","16.7","0.125","false","pending","","Global Food Nutrition Database (Open Food Facts snapshot, 2025-12-10)","English-readable product from a global-priority market; verify familiarity and classification"
"0096619656493","Organic Tortilla Chips","Kirkland Signature","United States","Snacks, Salty snacks, Appetizers, Chips and fries, Crisps, Corn chips","Organic corn, organic vegetable oil (organic sunflower and/or organic canola oil), sea salt.","3","c","b","500.0","0.0","0.893","false","pending","","Global Food Nutrition Database (Open Food Facts snapshot, 2025-12-10)","English-readable product from a global-priority market; verify familiarity and classification"
"5000354909702","Paxo Sage & Onion Stuffing Mix","Paxo","Australia,France,Germany,United Kingdom","Stuffing","Wheat Flour (with added Calcium, Iron, Niacin, Thiamin), Dried Onion (15%), Vegetable Oils (Palm, Sunflower), Salt, Dried Sage (1.5%), Dried Parsley, Raising Agents (Ammonium Carbonates, Sodium Hydrogen Carbonate), Barley Malt Extract","3","c","unknown","122.0","2.22","1.03","false","pending","","Global Food Nutrition Database (Open Food Facts snapshot, 2025-12-10)","English-readable product from a global-priority market; verify familiarity and classification"
"0856584004183","Original Beef Stick","CHOMPS","United States, World","Snacks, Meats and their products, Beef and its products, Meats, Beef, Dried meats, en:beef-preparations","100% grass fed beef, water, sea salt, encapsulated lactic acid, cultured celery powder (celery powder, sea salt), black pepper, red pepper, granulated garlic, coriander, stuffed in beef collagen casings.","3","e","unknown","312.0","0.0","2.97","false","pending","","Global Food Nutrition Database (Open Food Facts snapshot, 2025-12-10)","English-readable product from a global-priority market; verify familiarity and classification"
"0051500243213","PEANUT BUTTER SPREAD","Jif","United States, World","Plant-based foods,Legumes and their products,Spreads,Nuts and their products,Plant-based spreads,Sweet spreads,Oilseed purees,Legume butters,Nut butters,Peanut butters","PEANUTS, SUGAR, PALM OIL, SALT, MOLASSES","3","c","d","576.0","12.1","0.606","false","pending","","Global Food Nutrition Database (Open Food Facts snapshot, 2025-12-10)","English-readable product from a global-priority market; verify familiarity and classification"
"5025125000129","Jasons Sourdough","Jasons","United Kingdom, United States, en:ireland","Plant-based foods and beverages,Plant-based foods,Cereals and potatoes,Cereals and their products,Breads,Sourdough breads,Sourdough sliced breads","Wheat Flour (Wheat Flour, Calcium Carbonate, Iron, Niacin, Thiamin), Water, Wholemeal Spelt (Wheat) Flour, Sprouted Spelt (Wheat) Grains (5%), Rye Flour, Salt, Fermented Wheat Flour.","3","b","a","233.0","2.6","0.855","false","pending","","Global Food Nutrition Database (Open Food Facts snapshot, 2025-12-10)","English-readable product from a global-priority market; verify familiarity and classification"
"3046920028721","Bitter Extra Kraftig","Lindt,Lindt&Sprüngli","Australia,Austria,Belgium,Bulgaria,France,Germany,Italy,Lebanon,Morocco,Romania,Spain,Switzerland,Thailand,United Kingdom","Snacks,Sweet snacks,Cocoa and its products,Chocolates,Dark chocolates,Dark chocolate bar with more than 70% cocoa","Kakaomasse, fettarmes Kakaopulver, Kakaobutter . Kann Schalenfrüchte, Milch und Soja enthalten.","3","e","e","573.0","1.0","0.7","false","pending","","Global Food Nutrition Database (Open Food Facts snapshot, 2025-12-10)","English-readable product from a global-priority market; verify familiarity and classification"
"0855140002175","Ancient Grain Granola","Purely Elizabeth","Panama,United States, World","Plant-based foods and beverages, Plant-based foods, Breakfasts, Cereals and potatoes, Cereals and their products, Breakfast cereals, Mueslis","Organic Certified Gluten-Free Oats, Organic Coconut Sugar, Organic Coconut Oil, Organic Sunflower Seeds, Organic Puffed Amaranth, Organic Quinoa Flakes, Organic Chia Seeds, Organic Cinnamon, Sea Salt.","3","e","b","433.0","20.0","3.48","false","pending","","Global Food Nutrition Database (Open Food Facts snapshot, 2025-12-10)","English-readable product from a global-priority market; verify familiarity and classification"
"8715700407760","Tomato Ketchup BIO","Heinz","Belgium,France,Germany,Romania,Spain,Switzerland,United Kingdom,United States","Condiments,Sauces,Tomato sauces,Ketchup","Tomates (180 g pour 100 g de Ketchup), sucre, vinaigre, sel, épices (contient céleri), poudre d'oignon, poudre d'ail,","3","d","a-plus","112.0","24.8","1.7","false","pending","","Global Food Nutrition Database (Open Food Facts snapshot, 2025-12-10)","English-readable product from a global-priority market; verify familiarity and classification"
"0044000051693","original made with sea salt","triscuit","France,United States, World","snacks, salty-snacks, appetizers, da:crackers","WHOLE GRAIN WHEAT, CANOLA OIL, SEA SALT. CONTAINS: WHEAT","3","unknown","b","429.0","","1.52","false","pending","","Global Food Nutrition Database (Open Food Facts snapshot, 2025-12-10)","English-readable product from a global-priority market; verify familiarity and classification"
"5011157120706","Wholegrain Basmati & Quinoa Rice","Tilda","France, New Zealand, en:united-kingdom","Plant-based foods and beverages, Plant-based foods, Cereals and potatoes, Seeds, Cereals and their products, Cereal grains, Rices, Aromatic rices, Indica rices, Long grain rices, Basmati rices, en:brown-rices","Natural Brown Basmati Rice - Steamed (90%), Natural Yellow and Red Quinoa - Steamed (7%), Sunflower Oil, Vegetable Stock Powder (Rice Flour, Salt, Onions, Parsnips, Carrots, Olive Oil, Turmeric, Parsley), Salt. handling","3","c","f","132.0","0.32","0.276","false","pending","","Global Food Nutrition Database (Open Food Facts snapshot, 2025-12-10)","English-readable product from a global-priority market; verify familiarity and classification"
"5021185201223","Geeta's Mango Chutney imp","Geeta’s Foods Ltd","France, United States, en:united-kingdom","Mango chutneys","Mangoes (56%), Sugar, salt, Acidity Regulator : Acetic Acid, Whole Baby Garlic Cloves, Cumin Seeds, Mixed Spices, Fenugreek Seeds, Nigella Seeds, Black Peppercorns, cardamom pods, Whole clove, herb.","3","e","unknown","255.0","57.0","2.0","false","pending","","Global Food Nutrition Database (Open Food Facts snapshot, 2025-12-10)","English-readable product from a global-priority market; verify familiarity and classification"
"0612322000202","Fruit & Seed Oatcakes","Nairn's","France,United Kingdom,United States,en:united-kingdom","Snacks, Sweet snacks, Biscuits and cakes, Biscuits and crackers, Biscuits, en:appetizers","Wholegrain _Oats_ (68%), Currants (12%) (Currants, Sunflower Oil), Brown Sugar, Sustainable Palm Fruit Oil, Brown Flaxseeds (6%), Raising Agent: Sodium Bicarbonate, Sea Salt.","3","c","c","440.0","16.0","0.516","false","pending","","Global Food Nutrition Database (Open Food Facts snapshot, 2025-12-10)","English-readable product from a global-priority market; verify familiarity and classification"
"00414234","Tortilla chips","Trader Giotto's","France,United Kingdom,United States","Snacks,Salty snacks,Appetizers,Chips and fries,Crisps,Corn chips,Apéritif,Chips-de-maïs,Snacks-salés","Maize Flour Vegetable Oil (Sunflower/Rapeseed)","3","c","a-plus","481.0","1.4","0.75","false","pending","","Global Food Nutrition Database (Open Food Facts snapshot, 2025-12-10)","English-readable product from a global-priority market; verify familiarity and classification"
"3046920029759","Excellence Noir Prodigieux 90% Cacao","Lindt","Algérie,Autriche,Belgique,Bulgarie,Canada,République tchèque,Finlande,France,Polynésie française,Allemagne,Irlande,Italie,Maurice,Maroc,Pays-Bas,Norvège,La Réunion,Roumanie,Singapour,Espagne,Suède,Suisse,Tunisie,Royaume-Uni","Snacks,Snacks sucrés,Cacao et dérivés,Chocolats,Chocolats noirs,Chocolats noirs en tablette,Chocolats noirs extra fin","Pâte de cacao, beurre de cacao, cacao maigre, sucre, vanille.","3","e","e","592.0","7.0","0.03","false","pending","","Global Food Nutrition Database (Open Food Facts snapshot, 2025-12-10)","English-readable product from a global-priority market; verify familiarity and classification"
"6921180820025","Pearl River Bridge Soy Sauce","Pearl River Bridge, guandong pro bio tech","France, Germany, New Zealand, en:united-kingdom","Condiments, Sauces, Soy sauces, fr:Sauces au soja salées, Groceries","Water, Soybeans 29%, Salt, Wheat flour, Preservative: E202","3","e","a","38.0","1.9","17.21","false","pending","","Global Food Nutrition Database (Open Food Facts snapshot, 2025-12-10)","English-readable product from a global-priority market; verify familiarity and classification"
"5391528181070","The Pumpkin & Spinach","Strong Roots","Australia,Ireland,United Kingdom","Vegan Burger","long grain brown rice 24% (water, rice), pumpkin 17%, spinach 17%, quinoa crumb 12% (rice flour, gram flour, puffed quinoa, maize starch, salt), gluten free coating (potato starch, maize starch, maize flour), water, rapeseed oil, dehydrated potato, cornflour, onions (onions, rapeseed oil), garlic, salt, vegetable bouillon (sea salt, potato starch, rice flour, yeast extract, onion powder,  garlic powder, herbs, spices, spice extract), garlic powder, curry powder,","3","c","unknown","209.0","0.9","0.79","false","pending","","Global Food Nutrition Database (Open Food Facts snapshot, 2025-12-10)","English-readable product from a global-priority market; verify familiarity and classification"
"0030000169018","Lightly Salted Rice Cakes","Quaker","United States","Plant-based foods and beverages,Plant-based foods,Cereals and potatoes,Cereals and their products,Puffed cereal cakes,Puffed rice cakes,Rice-cakes","Whole grain brown rice, salt","3","b","d","389.0","0.0","0.417","false","pending","","Global Food Nutrition Database (Open Food Facts snapshot, 2025-12-10)","English-readable product from a global-priority market; verify familiarity and classification"
"4067796002003","Haferdrink Natur","DmBio","Germany, United States, en:romania","Getränke und Getränkezubereitungen, Pflanzliche Lebensmittel und Getränke, Getränke, Pflanzliche Lebensmittel, Getreide und Kartoffeln, en:Dairy substitutes, Getreideprodukte, Milchersatz, Pflanzliche Getränke, Pflanzenmilch, Getreidemilch, Hafermilch","Wasser, 11%Vollkornhafer, Sonnenblumenöl, Meersalz","3","d","c","40.0","5.2","0.13","false","pending","","Global Food Nutrition Database (Open Food Facts snapshot, 2025-12-10)","English-readable product from a global-priority market; verify familiarity and classification"
"5018374285577","Italian Original Breadsticks","Tesco","France,Singapore,United Kingdom","Plant-based foods and beverages, Plant-based foods, Cereals and potatoes, Breads, Breadsticks","_Wheat_ Flour, Olive Oil 7%, Yeast, _Barley_ Malt Extract, Salt.","3","d","a","414.0","2.8","1.8","false","pending","","Global Food Nutrition Database (Open Food Facts snapshot, 2025-12-10)","English-readable product from a global-priority market; verify familiarity and classification"
"8005110172106","Polpa","Mutti","France, Germany, Italy, en:australia","Aliments et boissons à base de végétaux, Aliments d'origine végétale, Aliments à base de fruits et de légumes, Conserves, Condiments, Légumes et dérivés, Aliments à base de plantes en conserve, Surgelés, Légumes, Légumes en conserve, Sauces, Tomates et dérivés, Sauces tomate, Tomates, Tomates en conserve, en:Groceries","Tomate 99,8%, sel -","3","a","a-plus","26.0","2.8","0.295","false","pending","","Global Food Nutrition Database (Open Food Facts snapshot, 2025-12-10)","English-readable product from a global-priority market; verify familiarity and classification"
"3270190174349","Ravioli vegetariens","Carrefour BIO, Carrefour","France,United States","Aliments et boissons à base de végétaux, Aliments d'origine végétale, Conserves, Céréales et pommes de terre, Céréales et dérivés, Plats préparés, Plats à base de pâtes, Pâtes farcies, Pates farcies aux légumes, Ravioli, Plats préparés en conserve, Raviolis aux légumes, Ravioli en conserve, Raviolis aux légumes en conserve","Eau, ravioli* 21,5% (semoule de _blé_ dur*, eau, chapelure* (farine de _blé_*, sel), oignons*, _œufs_*, huile de tournesol*, persil*, sel, épices* [cannelle*, poivre noir*, muscade*, girofle*], poivre*, ail*), concentré de tomates* 11%, huile de tournesol*, sucre roux*, oignons*, sel de mer, carottes*, basilic*, _céleri_*, romarin*, persil*, ail*, thym*, marjolaine*, sarriette*, paprika*, poivre*, jus de citron concentré*.
*Biologique
Peut contenir des traces de lait, soja, fruits à coque, poissons et crustacés.","3","c","a","86.0","3.7","0.83","false","pending","","Global Food Nutrition Database (Open Food Facts snapshot, 2025-12-10)","English-readable product from a global-priority market; verify familiarity and classification"
"5052675000224","Classic Butter Chicken Kit","The Spice Tailor","Australia,France,New Zealand,United Kingdom","Condiments, Sauces, Tomato sauces, en:butter-chicken","water, tomato paste (20%), onion (17%), cream (milk), cashew nuts, butter (4%), ginger, garlic, spices (2%), salt, sugar, sunflower oil,","3","d","a","141.0","6.0","1.31","false","pending","","Global Food Nutrition Database (Open Food Facts snapshot, 2025-12-10)","English-readable product from a global-priority market; verify familiarity and classification"
"0747479000413","MARINARA","RAO'S HOMEMADE","United States, Germany, World","Condiments, Sauces, Pasta sauces, Tomato sauces, Groceries","Italian Whole Peeled Tomatoes, Olive Oil, Onions, Salt, Garlic, Basil, Black Pepper, Oregano.","3","c","b","80.0","3.2","0.84","false","pending","","Global Food Nutrition Database (Open Food Facts snapshot, 2025-12-10)","English-readable product from a global-priority market; verify familiarity and classification"
"0884912004710","THE ORIGINAL grape-nuts CEREAL","Post","Panama,United States, World","Plant-based foods and beverages,Plant-based foods,Breakfasts,Cereals and potatoes,Cereals and their products,Breakfast cereals","whole grain wheat flour, malted barley flour, salt, dried yeast, vitamins and minerals: reduced iron, niacinamide, zinc oxide (source of zinc), vitamin b6, thiamin mononitrate (vitamin b1), folic acid.","3","c","e","345.0","8.62","1.16","false","pending","","Global Food Nutrition Database (Open Food Facts snapshot, 2025-12-10)","English-readable product from a global-priority market; verify familiarity and classification"
"8902080000227","Sting Energy","Sting","India","Beverages, Energy drinks, Energy drink with sugar","CARBONATED WATER, SUGAR, ACIDITY REGULATORS (330, 331), SEQUESTERANTS (452(1), 385),TAURINE, CAFFEINE (0.03%), PRESERVATIVES (211, 202), SWEETENERS (955, 950), INOSITOL, VITAMINS PREMIX. CONTAINS PERMITTED SYNTHETIC FOOD COLOUR (129) AND ADDED FLAVOUR (NATURAL AND NATURE IDENTICAL FLAVOURING SUBSTANCES)","4","e","not-applicable","28.0","6.8","0.1025","false","pending","","Global Food Nutrition Database (Open Food Facts snapshot, 2025-12-10)","India-listed product; verify familiarity and classification"
"8901058000290","maggi","Nestle","India","Plant-based foods and beverages,Plant-based foods,Dried products,Pastas,Dried products to be rehydrated,Noodles,Instant noodles,Instant Noodles with Seasoning","NOODLES: Refined wheat flour (Maida), Palm oil, lodized salt, Wheat gluten, Thickeners (508 & 412). Acidity regulators (501(i) & 500(i)) and Humectant (451(i)). MASALA TASTEMAKER®: Mixed spices (25.6%) (Onion powder, Coriander powder, Turmeric powder, Red chilli powder, Garlic powder, Cumin powder, Aniseed powder, Ginger powder, Fenugreek powder, Black pepper powder, Clove powder, Green cardamom powder & Nutmeg powder), Refined wheat flour (Maida), Hydrolysed groundnut protein, Sugar, Palm oil, Starch, lodized salt, Thickener (508), Flavour enhancer (635), Toasted onion flakes, Acidity regulator (330). Colour (150d), Mineral and Wheat gluten. Allergen Note: Contains Wheat & Nut. May contain Milk, Mustard, Oats And Soy.","4","e","c","384.0","1.86","2.57","false","pending","","Global Food Nutrition Database (Open Food Facts snapshot, 2025-12-10)","India-listed product; verify familiarity and classification"
"09141209","Bourn Vita 500Gram Pauch","Lu","India, Romania, United Kingdom, United States, en:bulgaria","Snacks, Sweet snacks, Confectioneries, Biscuits and cakes, Candies, Pastries, Waffles","glucose syrup, bulking agent (polydextrose), starch, humectant (sorbitol syrup), gelatine, sugar, acids (malic acid, acetic acid), concentrated fruit juices' (1 %) (apple, lime, orange, lemon, strawberry, blackcurrant, raspberry), colours (anthocyanins, vegetable carbon, paprika extract, lutein, curcumin), coconut oil, flavourings, glazing agent (carnauba wa 'equivalent to 6.9% fruit juice.","4","c","d","284.0","35.2","0.0424","false","pending","","Global Food Nutrition Database (Open Food Facts snapshot, 2025-12-10)","India-listed product; verify familiarity and classification"
"5999884034469","HELL","Hell","Bulgaria,Grecia,India,Marruecos,Rumania,España,Túnez","Bebidas y preparaciones de bebidas,Bebidas,Bebidas energéticas,en:Energy drink with sugar,Bebidas azucaradas","(BA) Bezalkohoho pazano piće se froidorid), Vitamin B2 (riboflavin) pide sa okusom om tuttifrutti, as kofeinom i sa dodanim vitaminima, Pasterizirano. Sastojci: vode, Seter, kiselina munaka tamin B3 (nikothamid), pantotenska kiselina vitamin B5 (kalcijum D-pantothenate), Vitamin B6 (pirido d opkald (min. 0,3%); taurin (0,38%); regulator kiselosti (natrijevi citrati); kofein (0,03%); aroma; Soja (amonijak karamela, vitamini min B12 (clanokobalamin) VISOKI SADRZAJ KOFEINA. Ne preporučuje se za djecu, djecu, vonio (kofein: 32 mg/100 ml). Jedna limenka sadrži približnu količinu kofeina kao jedna sojice espressente dan mjesec godina) pogledajte dno limenke. Cuvati na hladnom i suhom mjestu. jestu. Proizvod na kofein diabetičars Najbolje upotrijebis HELL ENERGY Magyarország Kf Madarska. Proizvedeno u Madarskoj. UVOZNIK TOISTRIBUTER ZABX SPAN Andrispy of 128, H-1062 Bug 798 49, 330,  (EB) Bebida no 4988 1000 Sarajevo, BA. Tel. +387 3 carbonatada, sabor tutti-frutti, con cafeína, con vitaminas añadidas, Pasteurizada.","4","e","not-applicable","46.0","11.0","0.5","false","pending","","Global Food Nutrition Database (Open Food Facts snapshot, 2025-12-10)","India-listed product; verify familiarity and classification"
"8901491100519","Kurkure","Kurkure","France,India,Nepal,Spain,Canada","Snacks, Salty snacks, Namkeen, en:crisps","Cereal Products (66%) (Rice Meal (43.5%), Corn Meal (23%)), Edible Vegetable Oil (Palmolein),*Seasoning (~Spices and Condiments, lodised Salt, Sugar, Flavour (Natural and Nature Identical Flavouring Substances), Black Salt, Tomato Powder, Acidity Regulators (330, 296, 334), Colour(160c), Maltodextrin) , Gram Meal (0.5%).","4","e","unknown","557.0","2.2","1.99","false","pending","","Global Food Nutrition Database (Open Food Facts snapshot, 2025-12-10)","India-listed product; verify familiarity and classification"
"5000137487908","The Original Cracker","Ritz Bakery","United Kingdom, United States","snacks, salty-snacks, sweet-snacks, appetizers, biscuits-and-cakes, biscuits, da:crackers","Wheat flour, sunflower oil 22 %, sugar, glucose-fructose syrup, raising agents (calcium phosphates, ammonium carbonates, sodium carbonates, potassium carbonates), salt, barley malt flour. May contain egg, milk, sesame.","4","d","b","490.0","8.3","1.3","false","pending","","Global Food Nutrition Database (Open Food Facts snapshot, 2025-12-10)","English-readable product from a global-priority market; verify familiarity and classification"
"3046920029780","Excellence Noir Subtil Doux 70% Cacao","Lindt Excellence","Australia,Austria,Denmark,France,Germany,Morocco,New Zealand,Spain,Switzerland","Snacks, Sweet snacks, Cocoa and its products, Chocolates, Dark chocolates, Dark chocolate bar with more than 70% cocoa, en:extra-fine-dark-chocolates","Pâte de cacao 70%, sucre, beurre de cacao, émulsifiant (lécithine de soja), vanille.","4","e","e","610.0","29.0","0.01","false","pending","","Global Food Nutrition Database (Open Food Facts snapshot, 2025-12-10)","English-readable product from a global-priority market; verify familiarity and classification"
"7622210496645","Milk Chocolate Large Bar","Toblerone","France, United States, en:united-kingdom","Snacks, Sweet snacks, Cocoa and its products, Confectioneries, Chocolate candies, Chocolates, Milk chocolates, Milk chocolate bar with nougat, Swiss chocolates","sugar, whole milk powder, cocoa butter, cocoa mass, honey (3,0%), milk fat, almonds (1,6%), emulsifier (soya lecithin), egg white, flavouring, milk chocolate: cocoa solids 28% minimum, milk solids 14% minimum,","4","unknown","c","529.0","61.2","","false","pending","","Global Food Nutrition Database (Open Food Facts snapshot, 2025-12-10)","English-readable product from a global-priority market; verify familiarity and classification"
"0016000124790","Honey Nut Cheerios","General Mills","United States","Plant-based foods and beverages, Plant-based foods, Breakfasts, Cereals and potatoes, Seeds, Cereals and their products, Breakfast cereals, Cereal grains, extruded cereals","Whole Grain Oats, Sugar, Corn Starch, Honey, Brown Sugar Syrup, Salt, Tripotassium Phosphate, Canola Oil, Natural Almond Flavor, Vitamin E, Calcium Carbonate, Vitamin C, sodium ascorbate, Iron, Zinc, mineral nutrients, niacinamide, Vitamin B6, pyridoxine hydrochloride, Vitamin B1, thiamin mononitrate, Vitamin A, palmitate, Vitamin B2, riboflavin, folic acid, Vitamin B13, Vitamin D3","4","d","d","378.0","32.4","1.42","false","pending","","Global Food Nutrition Database (Open Food Facts snapshot, 2025-12-10)","English-readable product from a global-priority market; verify familiarity and classification"
"80052760","Kinder Bueno","Kinder","Australia,Belgium,Estonia,France,Greece,Hungary,Ireland,Italy,Latvia,Libya,Lithuania,Morocco,New Zealand,Poland,Portugal,Romania,Spain,Switzerland,United Kingdom","Snacks,Sweet snacks,Biscuits and cakes,Biscuits and crackers,Biscuits,Wafers,Chocolate biscuits,Stuffed wafers,Chocolate stuffed wafers","MILK chocolate 31.5% (sugar, cocoa butter, cocoa mass, skimmed MILK powder, concentrated POTTER, emulsifier: lecithins (SOYA), vanillin), sugar, palm oil, WHEAT flour, HAZELNUTS (10.5%), skimmed MILK powder, MILK powder, chocolate (sugar, cocoa mass, cocoa butter, emulsifier: lecithins (SOYA), vanillin), fat-reduced cocoa, emulsifier: lecithins (SOYA), raising agent (sodium bicarbonate), salt, vanillin.","4","e","e","572.0","41.2","0.1975","false","pending","","Global Food Nutrition Database (Open Food Facts snapshot, 2025-12-10)","English-readable product from a global-priority market; verify familiarity and classification"
"8076809513692","Napoletana","Barilla","Australia,Austria,Belgium,Bulgaria,Czech Republic,France,Germany,Lebanon,Spain,Switzerland","Condiments,Sauces,Tomato sauces,Neapolitan sauces","Tomatenfruchtfleisch 66%, Tomatenmarkkonzentrat 10%, Zwiebeln 7%, Wasser, Karotten 3,5%, Sonnenblumenöl, Zucker, Salz, Knoblauch 0,5%, Thymian 0,4%, Schnittlauch 0,2%, Petersilie 0,2%, Aromen, schwarzer Pfeffer 0,01%","4","a","a-plus","67.0","5.2","0.96","false","pending","","Global Food Nutrition Database (Open Food Facts snapshot, 2025-12-10)","English-readable product from a global-priority market; verify familiarity and classification"
"8001060375109","Pesto Classic Basil","Saclà","Australia, France, United Kingdom, en:ireland","Condiments, Sauces, Pasta sauces, Pestos, Green pestos","basil 46%, vegetable oil blend (sunflower seed oil, olive oil), cheeses  milk  (cheese, parmigiano reggiano pdo cheese, pecorino romano pdo cheese), olive oil,  cashew nuts , salt, glucose, potato, flavouring, pine nuts, acidity regulator: lactic acid, natural garlic flavouring, extra virgin olive oil, spices","4","e","d","380.0","3.5","2.65","false","pending","","Global Food Nutrition Database (Open Food Facts snapshot, 2025-12-10)","English-readable product from a global-priority market; verify familiarity and classification"
"5060108450263","Fever Tree Premium Tonic 0,5l","CUVECO AS, Fever-Tree","Australia, Belgium, France, Germany, New Zealand, en:united-kingdom","Dranken en drankbereidingen, Dranken, Koolzuurhoudende dranken, Frisdranken, Tonics, Gesuikerde dranken","Wasser, Zucker, Kohlensäure, Säuerungsmittel: Citronensäure, natürliche Aromen, Aroma: Chinin.","4","d","not-applicable","30.0","7.4","0.02","false","pending","","Global Food Nutrition Database (Open Food Facts snapshot, 2025-12-10)","English-readable product from a global-priority market; verify familiarity and classification"
"00427920","Black beans in water","Sainsburys","United States, en:united-kingdom","Plant-based foods and beverages, Plant-based foods, Legumes and their products, Canned foods, Legumes, Seeds, Canned plant-based foods, Legume seeds, Pulses, Common beans, Canned legumes, Black beans, Canned black beans, Canned common beans, Black-beans-in-water","black beans, water, firming agent: calcium chloride","4","a","a","106.0","0.5","0.02","false","pending","","Global Food Nutrition Database (Open Food Facts snapshot, 2025-12-10)","English-readable product from a global-priority market; verify familiarity and classification"
"8853662056029","Sriracha","Flying Goose, Flying Goose Brand","France, Germany, United Kingdom, en:canada","Condiments,Sauces,Hot sauces","chilli 61%, sugar, water, salt, garlic, flavour enhancer: monosodium glutamate, stabiliser: xanthan gum, acidity regulator: acetic acid, citric acid, preservative: potassium sorbate","4","e","unknown","140.0","24.0","7.3","false","pending","","Global Food Nutrition Database (Open Food Facts snapshot, 2025-12-10)","English-readable product from a global-priority market; verify familiarity and classification"
"0016229001711","Coconut Milk","aroy-d, thai-agri-foods-public-company-limited","France, Germany, Russia, United Kingdom, United States, en:canada","Beverages and beverages preparations, Plant-based foods and beverages, Beverages, Plant-based foods, Dairy substitutes, Milk substitutes, Plant-based beverages, Plant-based milk alternatives, Plant-based creams, Plant-based creams for cooking, Coconut milks and creams","COCONUT MILK 99.96%, POLYSORBATE 60","4","e","b","189.0","2.22","0.0417","false","pending","","Global Food Nutrition Database (Open Food Facts snapshot, 2025-12-10)","English-readable product from a global-priority market; verify familiarity and classification"
"0047495013054","Fig Bar Raspberry","Nature's Bakery","France,United States, World","plant-based-foods-and-beverages, plant-based-foods, snacks, sweet-snacks, bars, fr:barres, fr:barres-aux-fruits, snacks-sucrés","Stone ground whole wheat flour, dried cane sugar, fig paste, brown rice syrup, raspberry paste [naturally milled sugar, dried cane sugar, glycerin, rice starch, raspberries, apple powder, natural flavor, pectin, citric acid, locust bean gum, red cabbage e","4","d","unknown","351.0","33.3","0.329","false","pending","","Global Food Nutrition Database (Open Food Facts snapshot, 2025-12-10)","English-readable product from a global-priority market; verify familiarity and classification"
"5057545928783","Tesco Finest Oat And Barley Loaf 800G","Tesco","United States, en:united-kingdom","Plant-based foods and beverages, Plant-based foods, Cereals and potatoes, Breads, Sliced breads, Oat and barley bread","Wheat Flour [Wheat Flour, Calcium Carbonate, Iron, Niacin, Thiamin), Water, Oats (7%), Barley (4%), Oatmeal, Wheat Bran, Yeast, Salt, Wheat Gluten, Spirit Vinegar, Preservative (Calcium Propionate), Emulsifiers (Mono - and Di-Glycerides of Fatty Acids, Mono - and Di-Acetyl Tartaric Acid Esters of Mono - and Di-Glycerides of Fatty Acids), Rapeseed Oil, Flour Treatment Agent (Ascorbic Acid).","4","b","b","257.0","2.95","0.8","false","pending","","Global Food Nutrition Database (Open Food Facts snapshot, 2025-12-10)","English-readable product from a global-priority market; verify familiarity and classification"
"26073651","10 pains au lait","Les PâtissadesAldi","Canada,France","snacks, sweet-snacks, viennoiseries, milk-bread-rolls, aliments-d'origine-végétale, aliments-et-boissons-à-base-de-végétaux, céréales-et-pommes-de-terre, fr:pains, fr:pains-au-lait, pains-au-lait-aux-oeufs-frais, petit-déjeuners, snacks-sucrés","Farine de blé, sucre, eau, œufs entiers frais, huile de colza, beurre concentré, émulsifiant : mono - et diglycérides d'acides gras - stéaroyl-2-lactylate de sodium (colza), sel, levure, poudre de lait écrémé 0,2%, gluten de blé, arôme naturel (contient alcool), arôme naturel, épaississant : gomme tara, antioxydant : acide ascorbique, colorant : caroténoïdes.","4","a","b","8.78","0.325","0.022","false","pending","","Global Food Nutrition Database (Open Food Facts snapshot, 2025-12-10)","English-readable product from a global-priority market; verify familiarity and classification"
"90162800","Red Bull Sugarfree","Red bull","Australia,Austria,Belgium,France,Germany,Ireland,Italy,New Zealand,Spain,Switzerland,United Kingdom","Getränke und Getränkezubereitungen, Getränke, Kohlensäurehaltige Getränke, Getränke mit Süßstoff, Erfrischungsgetränke, Alkoholfreie Getränke, Energy-Drinks","Wasser, Säuerungsmittel Zitronensäure, Kohlensäure, Taurin (400mg / 100ml), Säureregulator (Natriumcarbonate, Magnesiumcarbonat), Süssungsmittel (Acesulfam K, Aspartam), Koffein (32mg / 100ml), Vitamine (Niacin, Pantothensäure, B6, B12), Aroma, Verdickungsmittel Xanthan, Farbstoffe (Zuckercouleur, Riboflavin)","4","c","not-applicable","3.0","0.0","0.105","false","pending","","Global Food Nutrition Database (Open Food Facts snapshot, 2025-12-10)","English-readable product from a global-priority market; verify familiarity and classification"
"3046920022705","Excellence Noir Orange Intense","Lindt","Canada,France","Snacks,Snacks sucrés,Cacao et dérivés,Chocolats,Chocolats noirs,Chocolats aux amandes,Chocolats noirs en tablette,Chocolats noirs à l'orange","sucre, pâte de cacao, amandes 7%, jus d'orange à base de concentré 3,9%, beurre de cacao, beurre laitier concentré, sucre inverti, jus de citron à base de concentré, émulsifiant (lécithine de soja), ananas, gélifiant (pectine), arôme naturel d'orange,","4","e","b","535.0","46.0","0.08","false","pending","","Global Food Nutrition Database (Open Food Facts snapshot, 2025-12-10)","English-readable product from a global-priority market; verify familiarity and classification"
"0024463061095","Sriracha Hot Chili Sauce","HUY FONG FOODS, INC.","France,Germany,Mexico,Sweden,Switzerland,United States","gewürzmittel, saucen, scharfe-saucen, en:sriracha-sauces, en:groceries, pl:sriracha","Chilis, Zucker, Knoblauch, Salz, Essigsäure E260, Konservierungsmittel Kaliumsorbat E202, Konservierungsmittel Natriumbisulfit E222, Xanthan E415.","4","unknown","unknown","","","","false","pending","","Global Food Nutrition Database (Open Food Facts snapshot, 2025-12-10)","English-readable product from a global-priority market; verify familiarity and classification"
"9339423004212","Abbott's Village Bakery Grainy Wholemeal","Abbott's","Australia,France","Plant-based foods and beverages, Plant-based foods, Cereals and potatoes, Breads","Whole Grain Wholemeal Wheat Flour (37%), Water, Wheat Flour, Mixed Whole Grains (10%) (Kibbled Purple Wheat, Kibbled Rye, Kibbled Wheat), Baker's Yeast, Wheat Gluten, Kibbled Soy, Vinegar, Linseed, Iodised Salt, Canola Oil, Oat Bran (0.5%), Soy Flour, Vitamins (Thiamin, Folic Acid).
Contains: Gluten Cereals and Soy. 
May be present: Sesame. 
Suitable for vegetarians and vegans.","4","a","unknown","241.0","3.2","0.4","false","pending","","Global Food Nutrition Database (Open Food Facts snapshot, 2025-12-10)","English-readable product from a global-priority market; verify familiarity and classification"
"0705599011610","Power Cakes Flapjack & Waffle Mix Buttermilk","Kodiak","United States","Cooking helpers, Dessert mixes, Pancake mixes, Pancake","Whole grain wheat flour, Whole grain oat flour, wheat protein isolate, whey protein concentrate, brown sugar, milk protein concentrate, buttermilk powder, leavening (monocalcium phosphate, baking soda), sea salt. Contains milk and wheat. Due to processing on shared equipment, may also contain trace amounts of egg, soy, and tree nuts.","4","unknown","unknown","349.0","6.35","1.79","false","pending","","Global Food Nutrition Database (Open Food Facts snapshot, 2025-12-10)","English-readable product from a global-priority market; verify familiarity and classification"
"0037600223324","CREAMY PEANUT BUTTER","SKIPPY","France,United States","Plant-based foods and beverages,Plant-based foods,Legumes and their products,Breakfasts,Fats,Spreads,Nuts and their products,Plant-based spreads,Sweet spreads,Vegetable fats,Oilseed purees,Legume butters,fr:Pâtes à tartiner,Nut butters,Peanut butters","ROASTED PEANUTS SUGAR, HYDROGENATED VEGETABLE OIL (COTTONSEED, SOYBEAN AND RAPESEED OIL) TO PREVENT SEPARATION, SALT.","4","c","d","594.0","9.38","1.17","false","pending","","Global Food Nutrition Database (Open Food Facts snapshot, 2025-12-10)","English-readable product from a global-priority market; verify familiarity and classification"
"7622210249661","Bournville Dark Chocolate bar","Cadbury","France,United Kingdom,United States","Snacks, Sweet snacks, Cocoa and its products, Confectioneries, Bars, Chocolate candies, Chocolates, Dark chocolates","sugar, cocoa butter, cocoa mass, palm oil, emulsifiers (soya lecithin, e476),skimmed milk powder","4","e","f","523.0","58.0","0.01","false","pending","","Global Food Nutrition Database (Open Food Facts snapshot, 2025-12-10)","English-readable product from a global-priority market; verify familiarity and classification"
"0044000004637","Grahams","Honey Maid","United States","Snacks, Sweet snacks, Biscuits and cakes, Biscuits and crackers, Biscuits, en:appetizers","UNBLEACHED ENRICHED FLOUR (WHEAT FLOUR, NIACIN, REDUCED IRON, THIAMINE MONONITRATE (VITAMIN B1), RIBOFLAVIN (VITAMIN B2), FOLIC ACID), GRAHAM FLOUR (WHOLE GRAIN WHEAT FLOUR), SUGAR, SOYBEAN AND/OR CANOLA OIL, HONEY, LEAVENING (BAKING SODA, CALCIUM PHOSPHATE), SALT, SOY LECITHIN, ARTIFICIAL FLAVOR, WHEAT, SOY.","4","d","c","433.0","26.7","1.08","false","pending","","Global Food Nutrition Database (Open Food Facts snapshot, 2025-12-10)","English-readable product from a global-priority market; verify familiarity and classification"
"5060043224585","Low Sugar Maple & Pecan Granola imp","Lizi's","United States, en:united-kingdom","Plant-based foods and beverages, Plant-based foods, Breakfasts, Cereals and potatoes, Cereals and their products, Breakfast cereals, Mueslis","Wholegrain Oat Flakes (67%), Rapeseed Oil, Nuts (8%) [Pecan Nut Pieces, Walnut Pieces, Almond Pieces], Seeds (6%) [Sunflower, Pumpkin], Desiccated Coconut, Maple Syrup (2%), Chicory Fibre, Natural Flavouring, Sea Salt, Fructose.","4","a","b","478.0","2.4","0.3","false","pending","","Global Food Nutrition Database (Open Food Facts snapshot, 2025-12-10)","English-readable product from a global-priority market; verify familiarity and classification"
"0716270001660","Ginger Crystallized In Dark Chocolate","Chocolove","United States, World, en:india","Condiments,Sweet snacks,Confectioneries,Fruits based foods,Herbs and spices,Candied fruits,Ginger,Crystallized ginger,Groceries","dark chocolate (cocoa liquor*, sugar, cocoa butter*, soy lecithin, vanilla), crystallized ginger (ginger, sugar)","4","not-applicable","a-plus","500.0","40.0","0.0","false","pending","","Global Food Nutrition Database (Open Food Facts snapshot, 2025-12-10)","English-readable product from a global-priority market; verify familiarity and classification"
"7610400070577","Dunkle Schweizer Schokolade mit Chili-Extrakt","Lindt & Sprüngli,Lindt","Australia,Dinamarca,Francia,Nueva Zelanda,España,Suiza,Reino Unido","Botanas,Snacks dulces,Cacao y sus productos,Chocolates,Chocolates negros,en:Swiss chocolates","Zucker, Kakaomasse, Kakaobutter, Butterreinfett, Emulgator (Sojalecithin), Chili-Extrakt, Aromen.","4","d","e","542.0","4.0","0.0875","false","pending","","Global Food Nutrition Database (Open Food Facts snapshot, 2025-12-10)","English-readable product from a global-priority market; verify familiarity and classification"
"0037600106252","Peanut Butter","Skippy","France,United States","Plant-based foods and beverages, Plant-based foods, Legumes and their products, Spreads, Plant-based spreads, Oilseed purees, Legume butters, Peanut butters","ROASTED PEANUTS, SUGAR, HYDROGENATED VEGETABLE OIL (COTTONSEED, SOYBEAN AND RAPESEED OIL) TO PREVENT SEPARATION, SALT.","4","c","d","594.0","9.38","1.17","false","pending","","Global Food Nutrition Database (Open Food Facts snapshot, 2025-12-10)","English-readable product from a global-priority market; verify familiarity and classification"
"8076809513388","Arrabbiata","Barilla","Australia,Austria,Belgium,Bulgaria,Denmark,Finland,France,Germany,Italy,Morocco,Norway,Spain,Sweden,Switzerland","Condiments,Sauces,Pasta sauces,Tomato sauces,Arrabbiata sauces,Cooking Sauces","Polpa di pomodoro 70%, concentrato di pomodoro 13%, cipolla, olio di girasole, peperoni rossi 2%, aglio, prezzemolo, sale, zucchero, peperoncino 0,1%, aroma naturale","4","a","a-plus","60.0","5.0","1.0","false","pending","","Global Food Nutrition Database (Open Food Facts snapshot, 2025-12-10)","English-readable product from a global-priority market; verify familiarity and classification"
"5054775347735","White Folded Flatbreads","Tesco","United Kingdom,United States","Plant-based foods and beverages, Plant-based foods, Cereals and potatoes, Breads, Flatbreads, White breads, Wheat breads, Wheat flatbreads, en:special-breads","Wheat Flour (_Wheat_ Flour, Calcium Carbonate, Iron, Niacin, Thiamin), Water, Rapeseed Oil, Yeast, Spirit Vinegar, Fermented _Wheat_ Flour, Raising Agents (Disodium Diphosphate, Sodium Bicarbonate, Calcium Phosphate), Salt, Emulsifier (Mono - and Di-Acetyl Tartaric Acid Esters of Mono - and Diglycerides of Fatty Acids), Dried Skimmed _Milk_, Flour Treatment Agent (Ascorbic Acid).","4","unknown","b","303.0","2.57","","false","pending","","Global Food Nutrition Database (Open Food Facts snapshot, 2025-12-10)","English-readable product from a global-priority market; verify familiarity and classification"
"5023528000036","Lancashire oven bottom muffins","Sheldon's","United States, en:united-kingdom","Hamburger buns","wheat flour (with calcium carbonate, iron, thiamin (b1), niacin (b3)), water, yeast, sugar, salt, vinegar, rapeseed oil, soya flour, palm oil, emulsifier (sodium stearoyl-2-lactylate), preservative (calcium propionate), flour treatment agent: ascorbic acid (vitamin c)","4","b","b","254.0","2.46","0.769","false","pending","","Global Food Nutrition Database (Open Food Facts snapshot, 2025-12-10)","English-readable product from a global-priority market; verify familiarity and classification"
"5035660138782","Fine cut Oxford marmalade","Frank Cooper's","United Kingdom, United States","Plant-based foods and beverages, Plant-based foods, Breakfasts, Spreads, Plant-based spreads, Sweet spreads, Fruit and vegetable preserves, Marmalades, Orange-marmalades","Glucose-Fructose Syrup, Seville Oranges, Sugar, Acid: Citric Acid, Acidity Regulator: Sodium Citrates, Gelling Agent: Pectin, Orange Oil.","4","d","a","250.0","56.0","0.14","false","pending","","Global Food Nutrition Database (Open Food Facts snapshot, 2025-12-10)","English-readable product from a global-priority market; verify familiarity and classification"
"0123456789012","Peanut Butter Crunch","Fleischer, Selbst gemacht, The Wholesome Bar, Uberti","France, Germany, Morocco, Togo, United States, en:belgium","Plant-based foods and beverages, Plant-based foods, Fruits and vegetables based foods, Cereals and potatoes, Meats and their products, Dried products, Fruits based foods, Meats, Prepared meats, Dried plant-based foods, Sausages, Breads, Dried fruits","Unbleached enriched wheat flour [flour, barley malt, niacin (vitamin b3), iron, thiamin mononitrate (vitamin b1), riboflavin (vitamin b2), folic acid (vitamin b9)], water, sugar, yeast, wheat gluten, soybean oil, contains 2% or less of the following: salt, dough conditioners (mono - and diglycerides, sodium stearoyl lactylate, ethoxylated mono - and diglycerides, ascorbic acid), calcium propionate and sorbic acid (to retain freshness), yeast nutrients (calcium carbonate, calcium sulfate, monocalcium phosphate, ammonium sulfate), hydrogenated cottonseed oil, ground turmeric, soy lecithin.","4","a","unknown","52.941176470588","2.9411764705882","0.095588235294118","false","pending","","Global Food Nutrition Database (Open Food Facts snapshot, 2025-12-10)","English-readable product from a global-priority market; verify familiarity and classification"
"9350271000164","Organic kombucha","Remedy, Remedy Drinks, Remedy Kombucha","Australia, France, en:united-kingdom","Plant-based foods and beverages, Beverages, Fermented foods, Hot beverages, Plant-based beverages, Teas, Fermented drinks, Tea-based beverages, Kombuchas","Certified organic raw kombucha (pure water, wild kombucha culture, organic black tea*, organic green tea*), organic ginger*, organic erythritol* (all-natural flavour enhancer), organic lemon*, organic stevia* (all-natural sweetener).
*Certified organic ingredients","4","b","a","2.0","0.0","0.0","false","pending","","Global Food Nutrition Database (Open Food Facts snapshot, 2025-12-10)","English-readable product from a global-priority market; verify familiarity and classification"
"0049000042566","ZERO CALORIE COLA","Coca-Cola","United States","Beverages, Carbonated drinks, Artificially sweetened beverages, Sodas, Diet beverages, Colas, Diet sodas, Diet cola soft drink","carbonated water, caramel color, phosphoric acid, aspartame, potassium benzoate, natural flavors, potassium citrate, acesulfame potassium, caffeine","4","c","not-applicable","0.0","","0.0282","false","pending","","Global Food Nutrition Database (Open Food Facts snapshot, 2025-12-10)","English-readable product from a global-priority market; verify familiarity and classification"
"50147311","Colman's Mustard","Colman's","Australia,France,United Kingdom","Condiments, Sauces, Mustards","Water, MUSTARD flour (21%), sugar, salt, WHEAT flour (calcium carbonate, iron, niacin, thiamin), turmeric, citric acid, thickener (xanthan gum).","4","e","a","190.0","11.0","8.4","false","pending","","Global Food Nutrition Database (Open Food Facts snapshot, 2025-12-10)","English-readable product from a global-priority market; verify familiarity and classification"
"6921804700269","Crispy Chili oil","LAOGANMA","Australia, France, Germany, Netherlands, New Zealand, en:united-kingdom","Plant-based foods and beverages, Plant-based foods, Condiments, Sauces, Hot sauces, Chilli oil, fr:spicies","soybean oil [45%], chilli [25%], onion [15%], fermented soybeans [soybeans, water], flavour enhancer [e621], salt, sugar, sichuan pepper powder,","4","d","unknown","533.0","0.0","2.92","false","pending","","Global Food Nutrition Database (Open Food Facts snapshot, 2025-12-10)","English-readable product from a global-priority market; verify familiarity and classification"
"0017077102322","KEFIR cultured lowfat milk","Lifeway","United States, en:mexico","Beverages, Dairies, Fermented foods, Fermented milk products, Desserts, Dairy desserts, Dairy drinks, Fermented dairy desserts, Fermented drinks, Yogurts, Fermented milk drinks, en:kefir","Pasteurized lowfat milk, nonfat milk, pectin, vitamin a palmitate, vitamin d3, live and active cultures.","4","b","e","45.8","3.75","0.13","false","pending","","Global Food Nutrition Database (Open Food Facts snapshot, 2025-12-10)","English-readable product from a global-priority market; verify familiarity and classification"
"8000500032237","Ferrero Rocher","Ferrero,Ferrero Rocher,Rocher,รอชเชอร์,เฟอเรโร,เฟอเรโร รอชเชอร์","Albania,Australia,Austria,Belgium,Bosnia and Herzegovina,Croatia,France,Italy,Montenegro,Morocco,North Macedonia,Serbia,Slovenia,Switzerland,Thailand,United Kingdom","ขนม-ของว่าง,en:Sweet snacks,en:Cocoa and its products,ขนมหวาน,ลูกอมช็อกโกแลต,en:Bonbons","MILK chocolate 30% (sugar, cocoa butter, cocoa mass, skimmed MILK powder, concentrated BUTTER, emulsifier: lecithins (SOYA), vanillin), HAZELNUTS (28.5%), sugar, palm oil, WHEAT flour, whey powder (MILK), fat-reduced cocoa, Emulsifier: lecithins (SOYA), raising agent (sodium bicarbonate), salt, vanillin","4","e","unknown","594.7","39.9","0.153","false","pending","","Global Food Nutrition Database (Open Food Facts snapshot, 2025-12-10)","English-readable product from a global-priority market; verify familiarity and classification"
"5059319024479","Coco Pops","Kellogg's","United Kingdom, United States, en:ireland","Plant-based foods and beverages,Plant-based foods,Breakfasts,Cereals and potatoes,Cereals and their products,Breakfast cereals,Chocolate cereals,Chocolate puffed rice","(EN) CHOCOLATE FLAVOUR TOASTED RICE, FORTIFIED WITH VITAMINS AND MINERALS. INGREDIENTS: Rice, sugar, glucose syrup, fat reduced cocoa powder, salt, cocoa mass, barley malt extract, flavourings, niacin, iron, vitamin B6, riboflavin, thiamin, folic acid, vitamin D, vitamin B12. For allergens see ingredients highlighted","4","c","e","386.0","17.0","0.525","false","pending","","Global Food Nutrition Database (Open Food Facts snapshot, 2025-12-10)","English-readable product from a global-priority market; verify familiarity and classification"
"0077260062512","Elegant collection a decadent 16 piece private reserve chocolate assortment, assortment","Russell Stover Candies  Inc.","France,United States","en:chocolate-candies","Sugar, milk ingredients, corn syrup, cocoa butter, cocoa mass, brown sugar, palm kernel oil, water, almonds, hazelnuts, hydrogenated coconut oil, salt, soy lecithin, raspberries, coconut oil, honey, dried egg-white, coffee, flavour, artificial flavour, citric acid, lemon oil, tapioca flour, invertase, colour, baking soda, potassium sorbate, sodium benzoate.","4","e","unknown","488.0","51.16","0.2325","false","pending","","Global Food Nutrition Database (Open Food Facts snapshot, 2025-12-10)","English-readable product from a global-priority market; verify familiarity and classification"
"7613035587793","NESTLE DESSERT Lait","Nestlé","Canada,France","Snacks,Sweet snacks,Cocoa and its products,Confectioneries,Chocolate candies,Chocolates,Milk chocolates,Milk chocolate bar","Sucre, pâte de cacao (Afrique de l'Ouest, Amérique du Sud), beurre de cacao, lait entier en poudre (14,4%), lactose, émulsifiant (lécithines), arôme naturel de vanille de Madagascar.","4","e","d","554.0","50.7","0.13","false","pending","","Global Food Nutrition Database (Open Food Facts snapshot, 2025-12-10)","English-readable product from a global-priority market; verify familiarity and classification"
"0061232201047","Stem ginger oat biscuits","Nairn's","New Zealand, United States, en:united-kingdom","Snacks,Sweet snacks,Biscuits and cakes,Biscuits","Wholegrain Oats (64%), Brown Sugar, Sustainable Palm Fruit Oil, Stem Ginger (6.3%) (Stem Ginger, Sugar), Dietary Fibre (Oligofructose), Ground Ginger, Partially Inverted Refiners Syrup, Barley Malt Syrup, Raising Agent: Sodium Carbonates, Sea Salt.

May contain traces of milk.","4","d","c","438.0","17.2","0.91","false","pending","","Global Food Nutrition Database (Open Food Facts snapshot, 2025-12-10)","English-readable product from a global-priority market; verify familiarity and classification"
"0021000612239","original cream cheese","PHILADELPHIA","Spain,United States","Dairies,Fermented foods,Fermented milk products,Cheeses,Cream cheeses,es:cremas-de-queso","pasteurized milk and cream, salt, carob bean gum, cheese culture","4","d","d","357.0","3.57","0.982","false","pending","","Global Food Nutrition Database (Open Food Facts snapshot, 2025-12-10)","English-readable product from a global-priority market; verify familiarity and classification"
"0061232202556","Dark Chocolate Chip Oat Biscuits","Nairn's","France, New Zealand, United Kingdom, en:ireland","Snacks,Sweet snacks,Biscuits and cakes,Biscuits,Chocolate biscuits","Wholegrain Oats (59%), Dark Chocolate Chips (9%) (Sugar, Cocoa Mass, Cocoa Butter, Emulsifier: Soya Lecithin, Natural Vanilla Flavouring), Sustainable Palm Fruit Oil, Brown Sugar, Dark Chocolate Powder (5%) (Sugar, Cocoa Mass, Fat Reduced Cocoa Powder), Partially Inverted Refiners Syrup, Dietary Fibre (Oligofructose), Barley Malt Syrup, Raising Agent: Sodium Bicarbonate, Sea Salt, Natural Cocoa Flavouring.","4","d","d","454.0","19.0","0.775","false","pending","","Global Food Nutrition Database (Open Food Facts snapshot, 2025-12-10)","English-readable product from a global-priority market; verify familiarity and classification"
"8714100536186","Mint Sauce","Colman’s","Australia, France, Switzerland, en:gb","Condiments, Sauces, Mint sauces, Groceries","mint (25%), spirit vinegar, sugar, glucose-fructose syrup, water, salt, acid (acetic acid), stabiliser (xanthan gum), colour (copper complexes of chlorophyll),","4","c","unknown","120.0","3.5","0.38","false","pending","","Global Food Nutrition Database (Open Food Facts snapshot, 2025-12-10)","English-readable product from a global-priority market; verify familiarity and classification"
"0051500720011","CREAMY PEANUT BUTTER","Jif","France,United States","Plant-based foods and beverages, Plant-based foods, Legumes and their products, Spreads, Plant-based spreads, Oilseed purees, Legume butters, Peanut butters, Plant-based foods and beverages  Plant-based foods  Legumes and their products  Spreads  Nuts and their products  Plant-based spreads  Oilseed purees  Legume butters  Nut butters  Peanut butters, en:nut-butters","roasted peanuts, sugar, molasses, fully hydrogenated vegetable oils (rapeseed and soybean), mono and diglycerides, salt","4","c","d","576.0","9.09","1.06","false","pending","","Global Food Nutrition Database (Open Food Facts snapshot, 2025-12-10)","English-readable product from a global-priority market; verify familiarity and classification"
