"code","display_name","brands","countries","categories","ingredients_text","nova_group","nutriscore_grade","ecoscore_grade","energy_kcal_100g","sugars_100g","salt_100g","game_ready","review_status","review_notes","source_dataset","selection_rationale"
"5034660021445","Bournville Cocoa","Cadbury","France,United Kingdom,United States","Beverages and beverages preparations,Beverages,Breakfasts,Cocoa and its products,Hot beverages,Beverage preparations,Cocoa and chocolate powders,Instant beverages,Cocoa powders,Instant chocolate powders","Cocoa powder, acidity regulator (sodium carbonate).","1","unknown","b","355.0","0.0","1.75","false","pending","","Global Food Nutrition Database (Open Food Facts snapshot, 2025-12-10)","English-readable candidate from an India/English-speaking market; manual familiarity review required"
"0030000012000","Quick 1-Minute Oats","Quaker Oats","Canada,France,United States, World","Plant-based foods and beverages,Plant-based foods,Breakfasts,Cereals and potatoes,Cereals and their products,Breakfast cereals,Flakes,Cereal flakes,Rolled flakes,Rolled oats","whole grain rolled oats,","1","a","b","","","","false","pending","","Global Food Nutrition Database (Open Food Facts snapshot, 2025-12-10)","English-readable candidate from an India/English-speaking market; manual familiarity review required"
"5010029219494","Super smooth porridge imp","Ready break, Weetabix","France, United Kingdom, United States, en:ireland","Plant-based foods and beverages, Plant-based foods, Breakfasts, Cereals and potatoes, Cereals and their products, Breakfast cereals, Porridge","wholegrain rolled oats (60%), wholegrain oat flour (38%), calcium, niacin, iron, riboflavin (b2), vitamin b6, thiamin (b1), folic acid, vitamin d, vitamin b12,","1","unknown","e","374.0","","","false","pending","","Global Food Nutrition Database (Open Food Facts snapshot, 2025-12-10)","English-readable candidate from an India/English-speaking market; manual familiarity review required"
"0034000052004","COCOA","HERSHEY'S","Morocco, Spain, United States, Germany","Cocoa and its products,Cocoa and chocolate powders,Cocoa powders","cocoa","1","unknown","f","","","","false","pending","","Global Food Nutrition Database (Open Food Facts snapshot, 2025-12-10)","English-readable candidate from an India/English-speaking market; manual familiarity review required"
"0898999000503","Coconut Water The Original","Vita Coco","Belgium, France, United Kingdom, United States, World, en:germany","Beverages and beverages preparations, Plant-based foods and beverages, Beverages, Plant-based beverages, Coconut waters","Coconut Water 99%, Vitamin C","1","b","d","13.0","2.2","0.06","false","pending","","Global Food Nutrition Database (Open Food Facts snapshot, 2025-12-10)","English-readable candidate from an India/English-speaking market; manual familiarity review required"
"0030000010204","OLD FASHIONED","QUAKER OATS","France,Germany,United States, World","Plant-based foods and beverages, Plant-based foods, Breakfasts, Cereals and potatoes, Cereals and their products, Breakfast cereals, Flakes, Cereal flakes, Rolled flakes, Rolled oats","whole grain rolled oats.","1","a","b","375.0","2.5","0.0","false","pending","","Global Food Nutrition Database (Open Food Facts snapshot, 2025-12-10)","English-readable candidate from an India/English-speaking market; manual familiarity review required"
"0051500017005","Natural Creamy Peanut Butter","Smucker's","France,United States,World","Plant-based foods and beverages,Plant-based foods,Legumes and their products,Spreads,Nuts and their products,Plant-based spreads,Oilseed purees,Legume butters,Nut butters,Peanut butters","PEANUTS, CONTAINS 1% OR LESS OF SALT.","1","c","d","594.0","6.25","0.859","false","pending","","Global Food Nutrition Database (Open Food Facts snapshot, 2025-12-10)","English-readable candidate from an India/English-speaking market; manual familiarity review required"
"0894700010137","Greek Yogurt Nonfat Plain","Chobani","United States","Dairies, Fermented foods, Desserts, Fermented milk products, Dairy desserts, Fermented dairy desserts, Yogurts, Greek-style yogurts","_cultured nonfat milk_, S. Thermophilus, L. Bulgaricus, L. Acidophilus, Bifidus, L. Casei, L. Rhamnosus","1","a","b","52.9","3.53","0.0956","false","pending","","Global Food Nutrition Database (Open Food Facts snapshot, 2025-12-10)","English-readable candidate from an India/English-speaking market; manual familiarity review required"
"0096619483556","organic GREEK YOGURT plain","KIRKLAND Signature","Mexico,Spain,United States,Francia","Dairies, Fermented foods, Fermented milk products, Desserts, Dairy desserts, Fermented dairy desserts, Yogurts, Greek-style yogurts","organic pasteurized grade a nonfat milk, live and active cultures (streptococcus thermophilus, lactobacillus bulgaricus, lactobacillus acidophilus, bifidus, lactobacillus casei).","1","a","b","58.8","2.35","0.0956","false","pending","","Global Food Nutrition Database (Open Food Facts snapshot, 2025-12-10)","English-readable candidate from an India/English-speaking market; manual familiarity review required"
"5036589255550","Yoghurt","Yeo Valley","United States, en:united-kingdom","Dairies, Fermented foods, Desserts, Fermented milk products, Dairy desserts, Fermented dairy desserts, Yogurts, Plain yogurts, Cow milk yogurts","milk","1","b","a-plus","72.0","4.9","0.12","false","pending","","Global Food Nutrition Database (Open Food Facts snapshot, 2025-12-10)","English-readable candidate from an India/English-speaking market; manual familiarity review required"
"0096619885718","Extra Fancy Unsalted Mixed Nuts","Kirkland Signature","Canada,United States","Plant-based foods and beverages,Plant-based foods,Nuts and their products,Nuts,Unsalted-mixed-nuts","Cashews, Almonds, Pistachios, Pecans, Highly refined peanut oil. May contain: Peanuts, Other tree nuts, Milk, Sesame, Soy, Wheat, Mustard, Sulfites.","1","d","unknown","600.0","7.05","0.0","false","pending","","Global Food Nutrition Database (Open Food Facts snapshot, 2025-12-10)","English-readable candidate from an India/English-speaking market; manual familiarity review required"
"0078742040370","Purified Drinking Water","Great Value,Wal-Mart Stores Inc.","United States","Beverages,Waters,Unsweetened beverages,Drinking water","PURIFIED WATER, CALCIUM CHLORIDE SODIUM BICARBONATE.","1","b","not-applicable","0.0","0.0","0.0","false","pending","","Global Food Nutrition Database (Open Food Facts snapshot, 2025-12-10)","English-readable candidate from an India/English-speaking market; manual familiarity review required"
"0096619756803","Water, Bottled","Kirkland Signature","United States,","Beverages, Waters, Unsweetened beverages","Purified Water, Potassium Bicarbonate, Sodium Bicarbonate, Calcium Citrate, Sodium Chloride, Magnesium Oxide","1","unknown","not-applicable","0.0","","","false","pending","","Global Food Nutrition Database (Open Food Facts snapshot, 2025-12-10)","English-readable candidate from an India/English-speaking market; manual familiarity review required"
"0078742051451","Purified Water","Member's Mark","Spain,United States","Beverages,Waters,Unsweetened beverages","PURIFIED WATER, CALCIUM CHLORIDE, SODIUM BICARBONATE.","1","b","not-applicable","0.0","0.0","0.0","false","pending","","Global Food Nutrition Database (Open Food Facts snapshot, 2025-12-10)","English-readable candidate from an India/English-speaking market; manual familiarity review required"
"0030000010402","Old Fashioned Oats","Quaker Oats","United States,World","Plant-based foods and beverages,Plant-based foods,Breakfasts,Cereals and potatoes,Seeds,Cereals and their products,Breakfast cereals,Cereal grains,Flakes,Cereal flakes,Rolled flakes,Rolled oats","whole grain rolled oats,","1","a","b","375.0","2.5","0.0","false","pending","","Global Food Nutrition Database (Open Food Facts snapshot, 2025-12-10)","English-readable candidate from an India/English-speaking market; manual familiarity review required"
"8997212610412","Organic Coconut Milk","Kara","France,Singapore","Plant-based foods and beverages, Beverages, Plant-based foods, Dairy substitutes, Milk substitutes, Plant-based beverages, Plant-based milk alternatives, Plant-based creams, Plant-based creams for cooking, Coconut milks and creams","organic coconut milk","1","e","a-plus","178.0","1.8","0.04","false","pending","","Global Food Nutrition Database (Open Food Facts snapshot, 2025-12-10)","English-readable candidate from an India/English-speaking market; manual familiarity review required"
"5059319013503","Plain Wheats","Kellogg's","United Kingdom","Plant-based foods and beverages, Plant-based foods, Breakfasts, Cereals and potatoes, Cereals and their products, Breakfast cereals, Extruded cereals","Wholewheat(100%).","1","a","e","397.0","0.9","0.0","false","pending","","Global Food Nutrition Database (Open Food Facts snapshot, 2025-12-10)","English-readable candidate from an India/English-speaking market; manual familiarity review required"
"00282123","Authentic Greek Yoghurt","Taste The Difference","United Kingdom","Dairies, Fermented foods, Desserts, Fermented milk products, Dairy desserts, Fermented dairy desserts, Yogurts, Plain yogurts, Greek-style yogurts, Plain greek-style yogurts","Natural Greek Yogurt (Cows' _Milk_)","1","c","b","137.0","3.2","0.107","false","pending","","Global Food Nutrition Database (Open Food Facts snapshot, 2025-12-10)","English-readable candidate from an India/English-speaking market; manual familiarity review required"
"5000169647561","Chickpeas in water","Essential Waitrose,Waitrose","United Kingdom","Plant-based foods and beverages, Plant-based foods, Legumes and their products, Canned foods, Legumes, Seeds, Canned plant-based foods, Legume seeds, Pulses, Chickpeas, Canned legumes, Canned chickpeas","Chickpeas, water, antioxidant (ascorbic acid)","1","a","a","118.0","0.6","0.04","false","pending","","Global Food Nutrition Database (Open Food Facts snapshot, 2025-12-10)","English-readable candidate from an India/English-speaking market; manual familiarity review required"
"4056489825623","Scottish Porridge Oats","Crownfield","en:United Kingdom","Plant-based foods and beverages, Plant-based foods, Breakfasts, Cereals and potatoes, Cereals and their products, Breakfast cereals, Scottish porridge oats, en:porridge","wholegrain rolled oats","1","a","e","386.0","0.8","7.5e-05","false","pending","","Global Food Nutrition Database (Open Food Facts snapshot, 2025-12-10)","English-readable candidate from an India/English-speaking market; manual familiarity review required"
"5060132284308","Peanut Butter","Meridian","Spain, United Kingdom, en:ireland","Plant-based foods and beverages, Plant-based foods, Legumes and their products, Spreads, Plant-based spreads, Oilseed purees, Legume butters, Peanut butters, en:nut-butters","Roasted Peanuts","1","unknown","c","596.0","5.9","","false","pending","","Global Food Nutrition Database (Open Food Facts snapshot, 2025-12-10)","English-readable candidate from an India/English-speaking market; manual familiarity review required"
"5057753910822","Organic chickpeas in water","Tesco","United Kingdom","Plant-based foods and beverages, Plant-based foods, Legumes and their products, Canned foods, Legumes, Seeds, Canned plant-based foods, Legume seeds, Pulses, Chickpeas, Canned legumes, Canned chickpeas","Organic Chickpeas, Water.","1","a","a","115.0","0.4","0.1","false","pending","","Global Food Nutrition Database (Open Food Facts snapshot, 2025-12-10)","English-readable candidate from an India/English-speaking market; manual familiarity review required"
"5036589255598","Organic Natural Yoghurt","Yeo Valley","United Kingdom","Dairies,Fermented foods,Fermented milk products,Desserts,Dairy desserts,Fermented dairy desserts,Yogurts,Plain fermented dairy desserts,Plain yogurts","Organic Milk, bifidobacterium live culture","1","b","a","72.0","4.9","0.117","false","pending","","Global Food Nutrition Database (Open Food Facts snapshot, 2025-12-10)","English-readable candidate from an India/English-speaking market; manual familiarity review required"
"4056489462828","Simply porridge oats","Lidl","en:gb","Plant-based foods and beverages, Plant-based foods, Breakfasts, Cereals and potatoes, Cereals and their products, Breakfast cereals, Flakes, Cereal flakes, Rolled flakes, Porridge, Rolled oats","wholegrain rolled oats","1","a","a","368.0","1.0","0.025","false","pending","","Global Food Nutrition Database (Open Food Facts snapshot, 2025-12-10)","English-readable candidate from an India/English-speaking market; manual familiarity review required"
"4056489458647","Cannellini Beans in Water","Freshona","United Kingdom","Plant-based foods and beverages,Plant-based foods,Legumes and their products,Canned foods,Legumes,Seeds,Canned plant-based foods,Legume seeds,Pulses,Common beans,Canned legumes,White beans,Canned common beans,Beans,Cannellini Beans","Cannellini Beans, Water","1","a","a","62.0","0.3","0.03","false","pending","","Global Food Nutrition Database (Open Food Facts snapshot, 2025-12-10)","English-readable candidate from an India/English-speaking market; manual familiarity review required"
"5000232005915","Tuna","Princes","United Kingdom","Seafood,Fishes and their products,Canned foods,Fishes,Fatty fishes,Canned fishes,Tunas,Canned tunas","tuna [fish], spring water.","1","a","d","99.0","0.0","0.835","false","pending","","Global Food Nutrition Database (Open Food Facts snapshot, 2025-12-10)","English-readable candidate from an India/English-speaking market; manual familiarity review required"
"20942021","Mixed Beans","Lidl","en:gb","Plant-based foods and beverages, Plant-based foods, Legumes and their products, Legumes, Seeds, Legume seeds, Pulses, Common beans, en:canned-common-beans","60% Mixed Beans in Varying Proportions (Cannellini Beans, Haricot Beans, Adzuki Beans), Water, Ascorbic Acid, Calcium Chloride","1","a","b","103.0","0.5","0.03","false","pending","","Global Food Nutrition Database (Open Food Facts snapshot, 2025-12-10)","English-readable candidate from an India/English-speaking market; manual familiarity review required"
"29210053","Crafted Signature Sourdough Bread","Marks & Spencer","en:gb","Plant-based foods and beverages, Plant-based foods, Cereals and potatoes, Breads, Sourdough-loaf","Wheatflour contains Gluten (with Wheatflour, Calcium Carbonate Iron, Niacin, Thiamin) Water Rye Flour (contains Gluten) Wholegrain Wheatflour (contains Gluten) Malted Rye (contains Gluten) Sea Salt Malted Wheat (contains Gluten) Barley Malt Flour (contains Gluten) Barley Malt Extract (contains Gluten) Wheatflakes (contains Gluten).","1","unknown","unknown","226.0","","","false","pending","","Global Food Nutrition Database (Open Food Facts snapshot, 2025-12-10)","English-readable candidate from an India/English-speaking market; manual familiarity review required"
"4061461867041","Crunchy 100% Peanut Butter","Grandessa","en:United Kingdom","Plant-based foods and beverages, Plant-based foods, Legumes and their products, Spreads, Plant-based spreads, Oilseed purees, Legume butters, Peanut butters, Crunchy peanut butters, en:nut-butters","ROASTED PEANUTS (100%)","1","a","d","634.0","4.6","0.0","false","pending","","Global Food Nutrition Database (Open Food Facts snapshot, 2025-12-10)","English-readable candidate from an India/English-speaking market; manual familiarity review required"
"00852166","Greek Style Yogurt Unsweetened","M&S Food","France,United Kingdom","Dairies,Fermented foods,Fermented milk products,Desserts,Dairy desserts,Fermented dairy desserts,Yogurts,Plain fermented dairy desserts,Plain yogurts,Greek-style yogurts","lait fermenté (Contient lait)","1","c","b","124.0","4.8","0.2","false","pending","","Global Food Nutrition Database (Open Food Facts snapshot, 2025-12-10)","English-readable candidate from an India/English-speaking market; manual familiarity review required"
"8710532462482","100% peanut butter smooth","Millies","United Kingdom","Plant-based foods and beverages, Plant-based foods, Legumes and their products, Spreads, Nuts and their products, Plant-based spreads, Oilseed purees, Legume butters, Nut butters, Peanut butters","_Peanuts_ 100%.","1","a","d","607.0","6.0","0.0","false","pending","","Global Food Nutrition Database (Open Food Facts snapshot, 2025-12-10)","English-readable candidate from an India/English-speaking market; manual familiarity review required"
"5099801000352","Flahavans Microwave Quick Porridge Oats","Flahavan's","France,United Kingdom","Plant-based foods and beverages, Plant-based foods, Breakfasts, Cereals and potatoes, Seeds, Cereals and their products, Breakfast cereals, Cereal grains, Porridge, Plain porridge","100% Wholegrain Rolled _Oats_","1","a","e","370.0","1.0","0.0333","false","pending","","Global Food Nutrition Database (Open Food Facts snapshot, 2025-12-10)","English-readable candidate from an India/English-speaking market; manual familiarity review required"
"4088600550848","Tomato Passata","Cucina","United Kingdom","Plant-based foods and beverages,Plant-based foods,Fruits and vegetables based foods,Condiments,Vegetables based foods,Sauces,Tomatoes and their products,Tomato sauces,Strained tomatoes","TOMATOES (99%), Acidity Regulator: Citric Acid.","1","a","a","27.0","3.8","0.03","false","pending","","Global Food Nutrition Database (Open Food Facts snapshot, 2025-12-10)","English-readable candidate from an India/English-speaking market; manual familiarity review required"
"4056489620860","Crunchy Peanut Butter","Maribel","Ireland,United Kingdom","Plant-based foods and beverages, Plant-based foods, Legumes and their products, Spreads, Nuts and their products, Plant-based spreads, Oilseed purees, Legume butters, Nut butters, Peanut butters, Crunchy peanut butters","100% peanuts","1","a","d","","5.8","0.01","false","pending","","Global Food Nutrition Database (Open Food Facts snapshot, 2025-12-10)","English-readable candidate from an India/English-speaking market; manual familiarity review required"
"5000119560445","Italian Tomato Passata","Tesco","France, United Kingdom","Condiments, Sauces, Tomato sauces","Tomato, Acidity Regulator (Citric Acid).","1","a","a","21.2","2.96","0.3","false","pending","","Global Food Nutrition Database (Open Food Facts snapshot, 2025-12-10)","English-readable candidate from an India/English-speaking market; manual familiarity review required"
"5201054017418","Fage Total 0% Yogurt","Fage","France, United Kingdom, en:ireland","Dairies, Fermented foods, Desserts, Fermented milk products, Dairy desserts, Fermented dairy desserts, Yogurts, Greek-style yogurts","Pasteurised skimmed milk, cultures (L. Bulgaricus, S. Thermophilus, L.Acidophilus, Bifidus, L. Casei)","1","a","b","54.0","3.0","0.0975","false","pending","","Global Food Nutrition Database (Open Food Facts snapshot, 2025-12-10)","English-readable candidate from an India/English-speaking market; manual familiarity review required"
"4056489367611","Coconut milk","Freshona","Finland, Germany, Switzerland, United Kingdom, en:belgium","Beverages and beverages preparations, Plant-based foods and beverages, Beverages, Plant-based foods, Dairy substitutes, Milk substitutes, Plant-based beverages, Plant-based milk alternatives, Plant-based creams, Plant-based creams for cooking, Coconut-based creams for cooking, Coconut milks and creams","coconut extract 50%, water","1","e","b","177.0","1.8","0.03","false","pending","","Global Food Nutrition Database (Open Food Facts snapshot, 2025-12-10)","English-readable candidate from an India/English-speaking market; manual familiarity review required"
"0196633965912","Spring Water","Kirkland","en:United Kingdom","Beverages, Waters, Spring waters","Calcium, Magnesium, Sodium, Potassium, Bicarbonates, Sulphates, Chlorides, Nitrates","1","a","not-applicable","0.0","","0.043","false","pending","","Global Food Nutrition Database (Open Food Facts snapshot, 2025-12-10)","English-readable candidate from an India/English-speaking market; manual familiarity review required"
"5449000034335","Smart Water","smartwater","Hungary,Spain,United Kingdom","Beverages, Waters, Spring waters, Non-alcoholic beverages, Unsweetened beverages","Vapour Distilled Spring Water, Electrolytes (Calcium Chloride, Magnesium Chloride, Potassium Bicarbonate)","1","a","not-applicable","0.0","0.0","0.0","false","pending","","Global Food Nutrition Database (Open Food Facts snapshot, 2025-12-10)","English-readable candidate from an India/English-speaking market; manual familiarity review required"
"01898811","Greek Style Yogurt","Sainsbury's","United Kingdom","Dairies, Fermented foods, Desserts, Fermented milk products, Dairy desserts, Fermented dairy desserts, Yogurts, Greek-style yogurts","Fat Free Greek Style Natural Yogurt (Cows' Milk)","1","a","a","51.0","5.2","0.00035","false","pending","","Global Food Nutrition Database (Open Food Facts snapshot, 2025-12-10)","English-readable candidate from an India/English-speaking market; manual familiarity review required"
"5057753898397","Organic red kidney beans in water","Tesco","United Kingdom","Plant-based foods and beverages, Plant-based foods, Legumes and their products, Legumes, Seeds, Legume seeds, Pulses, Common beans, Red beans","Organic Red Kidney Beans, Water.","1","b","a","95.0","0.6","0.01","false","pending","","Global Food Nutrition Database (Open Food Facts snapshot, 2025-12-10)","English-readable candidate from an India/English-speaking market; manual familiarity review required"
"5057545744765","Porridge Oats","Tesco - The Grower's Harvest","France, Germany, en:united-kingdom","Plant-based foods and beverages, Plant-based foods, Breakfasts, Cereals and potatoes, Cereals and their products, Breakfast cereals, Flakes, Cereal flakes, Rolled flakes","oat flakes","1","a","e","376.0","1.5","0.01","false","pending","","Global Food Nutrition Database (Open Food Facts snapshot, 2025-12-10)","English-readable candidate from an India/English-speaking market; manual familiarity review required"
"20448554","Strong Wholemeal Bread Flour","Belbake","United Kingdom","Wheat bread flour","Wholemeal Wheat Flour.","1","a","a-plus","344.0","2.1","0.01","false","pending","","Global Food Nutrition Database (Open Food Facts snapshot, 2025-12-10)","English-readable candidate from an India/English-speaking market; manual familiarity review required"
"7613036077514","GOLD BLEND Instant Coffee","Nescafé","United Kingdom,Ireland","Beverages and beverages preparations, Plant-based foods and beverages, Beverages, Plant-based foods, Beverage preparations, Instant beverages, Instant coffees, Instant, en:coffees","soluble coffee, roast and ground coffee (3%)","1","unknown","f","","","","false","pending","","Global Food Nutrition Database (Open Food Facts snapshot, 2025-12-10)","English-readable candidate from an India/English-speaking market; manual familiarity review required"
"01642605","Chickpeas in water","Sainsbury's","en:gb","Plant-based foods and beverages, Plant-based foods, Legumes and their products, Legumes, Seeds, Legume seeds, Pulses, Chickpeas","Organic Chickpeas, Water.","1","a","a-plus","113.0","0.435","0.0261","false","pending","","Global Food Nutrition Database (Open Food Facts snapshot, 2025-12-10)","English-readable candidate from an India/English-speaking market; manual familiarity review required"
"5201054017432","5% Greek Yogurt","Fage","Greece, United Kingdom, en:ireland","Dairies, Fermented foods, Fermented milk products, Desserts, Dairy desserts, Fermented dairy desserts, Yogurts, Cow milk yogurts, Greek-style yogurts","Pasteurised skimmed milk, cream (milk), live active yoghurt cultures (L. Bulgaricus, S. Thermophilus, L. Acidophilus, Bifidus, L. Casei).

no palm oil","1","b","a","93.0","3.0","0.0975","false","pending","","Global Food Nutrition Database (Open Food Facts snapshot, 2025-12-10)","English-readable candidate from an India/English-speaking market; manual familiarity review required"
"5000436101925","Lasagne Pasta","Tesco","France,United Kingdom","Plant-based foods and beverages, Plant-based foods, Pastas, Lasagna sheets","Durum Wheat Semolina","1","a","unknown","357.0","2.13","0.133","false","pending","","Global Food Nutrition Database (Open Food Facts snapshot, 2025-12-10)","English-readable candidate from an India/English-speaking market; manual familiarity review required"
"00378208","PORRIDGE OATS","Daily's,STAMFORD STREET CO.","United Kingdom","Plant-based foods and beverages, Plant-based foods, Breakfasts, Cereals and potatoes, Cereals and their products, Breakfast cereals, Porridge, en:cereal-flakes","Wholegrain Oat Flakes","1","a","d","362.0","2.25","0.025","false","pending","","Global Food Nutrition Database (Open Food Facts snapshot, 2025-12-10)","English-readable candidate from an India/English-speaking market; manual familiarity review required"
"5000108280941","Oat so Simple","Quaker, Quaker Oats","en:United Kingdom","Plant-based foods and beverages, Plant-based foods, Breakfasts, Cereals and potatoes, Cereals and their products, Breakfast cereals, Flakes, Rolled flakes, Porridge, Plain porridge","Wholegrain rolled oats","1","a","c","370.0","1.11","0.0","false","pending","","Global Food Nutrition Database (Open Food Facts snapshot, 2025-12-10)","English-readable candidate from an India/English-speaking market; manual familiarity review required"
"5054269711073","Cocoa Powder","Tesco","en:United Kingdom","Cocoa powder for baking, en:cocoa-powders","cocoa powder, potassium carbonate","1","unknown","e","368.0","0.9","0.08","false","pending","","Global Food Nutrition Database (Open Food Facts snapshot, 2025-12-10)","English-readable candidate from an India/English-speaking market; manual familiarity review required"
"0074305001161","APPLE CIDER VINEGAR","BRAGG","France,India,United States,World","Condiments,Sauces,Vinegars,Cider vinegars,Groceries","ORGANIC APPLE CIDER VINEGAR, WATER.","2","not-applicable","a","0.0","0.0","0.0","false","pending","","Global Food Nutrition Database (Open Food Facts snapshot, 2025-12-10)","English-readable candidate from an India/English-speaking market; manual familiarity review required"
"8901088000451","Parachnute 100% Pure Coconut Oil","Parachute","France,India,Somalia","Plant-based foods and beverages,Plant-based foods,Fats,Vegetable fats,Vegetable oils,Fruit and fruit seed oils,Coconut oils","Coconut Oil","2","e","unknown","900.0","0.0","0.0","false","pending","","Global Food Nutrition Database (Open Food Facts snapshot, 2025-12-10)","English-readable candidate from an India/English-speaking market; manual familiarity review required"
"6191509900664","Extra Virgin Olive Oil","Terra Delyssa","France, Switzerland, Tunisia, United States, World, en:united-kingdom","Aliments et boissons à base de végétaux, Aliments d'origine végétale, Matières grasses, Matières grasses végétales, Produits de l'olivier, Huiles, Huiles d'olive, Huiles d'olive vierges extra, Huiles d'olive de Tunisie, Huiles d'olive vierges","First Cold Pressed Extra Virgin Olive Oil","2","b","b","800.0","0.0","0.0","false","pending","","Global Food Nutrition Database (Open Food Facts snapshot, 2025-12-10)","English-readable candidate from an India/English-speaking market; manual familiarity review required"
"6191509900671","Extra Virgin Olive Oil","Terra Delyssa","France, United States, World, en:united-kingdom","Aliments et boissons à base de végétaux,Aliments d'origine végétale,Matières grasses,Matières grasses végétales,Produits de l'olivier,Huiles,Huiles d'olive,Huiles d'olive vierges extra,Huiles d'olive de Tunisie,Huiles d'olive vierges","EXTRA VIRGIN OLIVE OIL","2","b","d","821.0","0.0","0.0","false","pending","","Global Food Nutrition Database (Open Food Facts snapshot, 2025-12-10)","English-readable candidate from an India/English-speaking market; manual familiarity review required"
"0037600106740","Peanut Butter Spread","Skippy Natural Creamy","United States","Plant-based foods and beverages,Plant-based foods,Legumes and their products,Fats,Spreads,Nuts and their products,Plant-based spreads,Vegetable fats,Oilseed purees,Legume butters,Nut butters,Peanut butters","ROASTED PEANUTS, SUGAR, PALM OIL, SALT.","2","c","d","594.0","9.38","1.17","false","pending","","Global Food Nutrition Database (Open Food Facts snapshot, 2025-12-10)","English-readable candidate from an India/English-speaking market; manual familiarity review required"
"0096619555505","Organic Creamy Peanut Butter","Kirkland","France,United States","Plant-based foods and beverages, Plant-based foods, Legumes and their products, Fats, Spreads, Nuts and their products, Plant-based spreads, Vegetable fats, Oilseed purees, Legume butters, Nut butters, Peanut butters","Dry roasted organic peanuts, sea salt","2","a","c","562.0","3.12","0.508","false","pending","","Global Food Nutrition Database (Open Food Facts snapshot, 2025-12-10)","English-readable candidate from an India/English-speaking market; manual familiarity review required"
"0767707001067","Pure Irish Butter Salted","Kerrygold","United States, World","Dairies, Fats, Spreads, Spreadable fats, Animal fats, Milkfat, Dairy-spread, Butters, Salted butters, Sweet cream butters","Pasteurized cream, salt.","2","e","d","714.0","","1.79","false","pending","","Global Food Nutrition Database (Open Food Facts snapshot, 2025-12-10)","English-readable candidate from an India/English-speaking market; manual familiarity review required"
"0074305001321","Apple Cider Vinegar","Bragg","France,United States, World","Condiments, Sauces, Vinegars, Cider vinegars, Groceries","Certified Organic, Raw Apple Cider Vinegar and Purified Water","2","not-applicable","a","0.0","","","false","pending","","Global Food Nutrition Database (Open Food Facts snapshot, 2025-12-10)","English-readable candidate from an India/English-speaking market; manual familiarity review required"
"0096619032938","Raw & Unfiltered Honey","Kirkland Signature","France, French Polynesia, United States, en:morocco","Breakfasts, Spreads, Sweet spreads, Bee products, Farming products, Sweeteners, Honeys","organic raw honey","2","d","b","286.0","76.2","0.0","false","pending","","Global Food Nutrition Database (Open Food Facts snapshot, 2025-12-10)","English-readable candidate from an India/English-speaking market; manual familiarity review required"
"5011835101058","Smooth Peanut Butter imp","Whole earth","France, United Arab Emirates, en:united-kingdom","Plant-based foods and beverages, Plant-based foods, Legumes and their products, Fats, Spreads, Nuts and their products, Plant-based spreads, Oilseed purees, Legume butters, Nut butters, Peanut butters","roasted peanuts (96%), sustainable palm oil, sea salt","2","c","d","645.0","4.2","0.9825","false","pending","","Global Food Nutrition Database (Open Food Facts snapshot, 2025-12-10)","English-readable candidate from an India/English-speaking market; manual familiarity review required"
"5000157076427","Light Mayonnaise","Heinz","France, en:united-kingdom","Condiments,Sauces,Mayonnaises,Mayonnaises allégées,en:groceries,matières grasses","Water, Rapeseed Oil 25%, Starch, Pasteurised Free Range Egg 3.5%, Spirit Vinegar, Sugar, Salt, Pasteurised Free Range Egg Yolk 1%, Lemon Juice Concentrate, Preservative (Potassium Sorbate), Mustard Seeds, Spice, Antioxidant (Calcium Disodium EDTA)","2","b","c","267.0","3.0","0.00425","false","pending","","Global Food Nutrition Database (Open Food Facts snapshot, 2025-12-10)","English-readable candidate from an India/English-speaking market; manual familiarity review required"
"50457014","Heinz Seriously Good Squeezy Mayonnaise","Heinz","France, United Kingdom, en:morocco","Condiments, Fats, Sauces, Mayonnaises, Groceries","Rapeseed Oil (68%), Water, Pasteurised Free Range Egg Yolk (5%), Spirit Vinegar, Sugar, Starch, Salt, Mustard Seeds, Spices, Antioxidant (Calcium Disodium EDTA)","2","c","d","644.0","1.5","1.0","false","pending","","Global Food Nutrition Database (Open Food Facts snapshot, 2025-12-10)","English-readable candidate from an India/English-speaking market; manual familiarity review required"
"5011273040209","Organic honey","Rowse","United Kingdom","Breakfasts,Spreads,Sweet spreads,Bee products,Farming products,Sweeteners,Honeys","Organic honey.","2","e","a-plus","329.0","80.8","0.03","false","pending","","Global Food Nutrition Database (Open Food Facts snapshot, 2025-12-10)","English-readable candidate from an India/English-speaking market; manual familiarity review required"
"01292619","Basics Clear Honey","Sainsbury's, Sainsbury's basics","France,United Kingdom","Breakfasts, Spreads, Sweet spreads, Bee products, Farming products, Sweeteners, Honeys","honey 100%","2","e","b","329.0","80.8","0.03","false","pending","","Global Food Nutrition Database (Open Food Facts snapshot, 2025-12-10)","English-readable candidate from an India/English-speaking market; manual familiarity review required"
"5013635101818","100% pure coconut oil","Ktc","France,United Kingdom","Plant-based foods and beverages, Plant-based foods, Fats, Vegetable fats, Vegetable oils, Fruit and fruit seed oils, Coconut oils","100% coconut oil,","2","e","unknown","899.0","0.0","0.01","false","pending","","Global Food Nutrition Database (Open Food Facts snapshot, 2025-12-10)","English-readable candidate from an India/English-speaking market; manual familiarity review required"
"5000436449515","Organic Butter","Tesco","United Kingdom","Dairies, Fats, Spreads, Spreadable fats, Animal fats, Milkfat, Dairy-spread, Butters, Salted butters","Butter (_milk_), Salt (1.7%)","2","e","c","745.0","0.6","1.5","false","pending","","Global Food Nutrition Database (Open Food Facts snapshot, 2025-12-10)","English-readable candidate from an India/English-speaking market; manual familiarity review required"
"5740900404496","Butter","Lurpak","en:United Kingdom","Dairies, Fats, Spreads, Spreadable fats, Animal fats, Milkfat, Dairy-spread, Butters","butter (milk), lactic culture (milk), salt,","2","e","e","739.0","0.7","1.18","false","pending","","Global Food Nutrition Database (Open Food Facts snapshot, 2025-12-10)","English-readable candidate from an India/English-speaking market; manual familiarity review required"
"20436568","Clear Honey","Highgate Fayre, Lidl","France,Ireland,United Kingdom","Breakfasts, Spreads, Sweet spreads, Bee products, Farming products, Sweeteners, Honeys","100% honey","2","e","a","336.0","81.0","0.0","false","pending","","Global Food Nutrition Database (Open Food Facts snapshot, 2025-12-10)","English-readable candidate from an India/English-speaking market; manual familiarity review required"
"5051008878592","Organic Extra Virgin Olive Oil","Tesco","France,United Kingdom,Ireland","Plant-based foods and beverages, Plant-based foods, Fats, Vegetable fats, Olive tree products, Vegetable oils, Olive oils, Extra-virgin olive oils, Virgin olive oils","Extra Virgin Olive Oil","2","b","c","900.0","0.0","0.0","false","pending","","Global Food Nutrition Database (Open Food Facts snapshot, 2025-12-10)","English-readable candidate from an India/English-speaking market; manual familiarity review required"
"5740900805408","Lurpak Spreadable Slightly Salted","Lurpak","France, United Kingdom","Dairies, Fats, Spreads, Spreadable fats, Animal fats, Milkfat, Dairy-spread, Butters","butter (64%) (milk), rapeseed oil, water, lactic culture (milk), salt, for allergens, see ingredients in bold,","2","e","e","680.0","1.0","0.9","false","pending","","Global Food Nutrition Database (Open Food Facts snapshot, 2025-12-10)","English-readable candidate from an India/English-speaking market; manual familiarity review required"
"4088600313979","Nordpack Spreadable Butter","","en:gb","Dairies, Fats, Spreads, Spreadable fats, Animal fats, Milkfat, Dairy-spread, Butters","BUTTER 55% (_Milk_), Rapeseed Oil, RECONSTITUTED _BUTTERMILK_ 7%, Water, Lactic Cultures (_Milk_), Salt.","2","d","d","677.0","0.5","0.95","false","pending","","Global Food Nutrition Database (Open Food Facts snapshot, 2025-12-10)","English-readable candidate from an India/English-speaking market; manual familiarity review required"
"5019989103096","Fine Sea Salt","Saxa","France, United Kingdom","en:table-salts","Sea Salt, Anti-caking Agent (Sodium Hexacyanoferrate ll).","2","not-applicable","a","","","","false","pending","","Global Food Nutrition Database (Open Food Facts snapshot, 2025-12-10)","English-readable candidate from an India/English-speaking market; manual familiarity review required"
"5740900402768","Lupark Spreadable Lighter","Lurpak","United Kingdom","Dairies, Fats, Spreads, Spreadable fats, Animal fats, Milkfat, Dairy-spread, Butters","butter (40%) ( milk ), water, rapeseed oil, salt,","2","d","d","516.0","0.4","0.91","false","pending","","Global Food Nutrition Database (Open Food Facts snapshot, 2025-12-10)","English-readable candidate from an India/English-speaking market; manual familiarity review required"
"5011273024759","Rowse organic honey","Rowse","en:United Kingdom","Breakfasts, Spreads, Sweet spreads, Bee products, Farming products, Sweeteners, Honeys","Honey","2","e","a-plus","329.0","80.8","0.025","false","pending","","Global Food Nutrition Database (Open Food Facts snapshot, 2025-12-10)","English-readable candidate from an India/English-speaking market; manual familiarity review required"
"5010171005006","Spreadable Tub","Country Life","en:gb","Plant-based foods and beverages, Dairies, Plant-based foods, Fats, Spreads, Plant-based spreads, Spreadable fats, Vegetable fats, Animal fats, Milkfat, Dairy-spread, Margarines, Butters","Butter, Rapeseed Oil, Water, Salt","2","e","e","596.0","0.3","1.3","false","pending","","Global Food Nutrition Database (Open Food Facts snapshot, 2025-12-10)","English-readable candidate from an India/English-speaking market; manual familiarity review required"
"5011038135126","Softer Butter","Kerrygold","France, en:united-kingdom","Dairies, Fats, Spreads, Spreadable fats, Animal fats, Milkfat, Dairy-spread, Butters, Unsalted butters","cream, salt (1.8%)","2","e","e","726.0","0.8","1.2","false","pending","","Global Food Nutrition Database (Open Food Facts snapshot, 2025-12-10)","English-readable candidate from an India/English-speaking market; manual familiarity review required"
"5060336500044","Malt Vinegar","Sarson's","United Kingdom,en:united-kingdom","Condiments, Vinegars","barley malt vinegar, barley malt extract","2","not-applicable","a","9.0","0.0","0.0975","false","pending","","Global Food Nutrition Database (Open Food Facts snapshot, 2025-12-10)","English-readable candidate from an India/English-speaking market; manual familiarity review required"
"00351546","Salted English Butter","Sainsbury's,by sainsbury's","United Kingdom","Dairies, Fats, Spreads, Spreadable fats, Animal fats, Milkfat, Dairy-spread, Butters, Salted butters","_Butter_ (cow's _milk_) (98%), Salt (1.6%)","2","e","d","745.0","0.6","1.475","false","pending","","Global Food Nutrition Database (Open Food Facts snapshot, 2025-12-10)","English-readable candidate from an India/English-speaking market; manual familiarity review required"
"4088600313030","Honey","Grandessa","United Kingdom","Breakfasts,Spreads,Sweet spreads,Bee products,Farming products,Sweeteners,Honeys","honey","2","d","a","307.0","76.4","0.03","false","pending","","Global Food Nutrition Database (Open Food Facts snapshot, 2025-12-10)","English-readable candidate from an India/English-speaking market; manual familiarity review required"
"5060367180383","Smooth Peanut Butter","Pip & Nut","France,Italy,United Kingdom","Plant-based foods and beverages, Plant-based foods, Legumes and their products, Fats, Spreads, Nuts and their products, Plant-based spreads, Oilseed purees, Legume butters, Nut butters, Peanut butters","_Peanuts_ (99.6%), sea salt.","2","a","c","593.0","6.6","0.4425","false","pending","","Global Food Nutrition Database (Open Food Facts snapshot, 2025-12-10)","English-readable candidate from an India/English-speaking market; manual familiarity review required"
"5011273040698","Runny Honey imp","Rowse","France, United Kingdom, en:ireland","Breakfasts, Spreads, Sweet spreads, Bee products, Farming products, Sweeteners, Honeys","honey","2","e","a","329.0","80.8","0.03","false","pending","","Global Food Nutrition Database (Open Food Facts snapshot, 2025-12-10)","English-readable candidate from an India/English-speaking market; manual familiarity review required"
"4088600020280","Squeezy Honey","GRANDESSA","en:united-kingdom","Breakfasts, Spreads, Sweet spreads, Bee products, Sweeteners, Honey-based preparations, en:honeys","honey","2","e","b","","","","false","pending","","Global Food Nutrition Database (Open Food Facts snapshot, 2025-12-10)","English-readable candidate from an India/English-speaking market; manual familiarity review required"
"4088600157887","Balsamic Vinegar of Modena","","United Kingdom","Condiments,Vinegars,Balsamic vinegars,Balsamic vinegars of Modena","Wine Vinegar (Sulphites), Concentrated Grape Musc (Sulphites)","2","not-applicable","a","106.0","18.0","0.09","false","pending","","Global Food Nutrition Database (Open Food Facts snapshot, 2025-12-10)","English-readable candidate from an India/English-speaking market; manual familiarity review required"
"5011273024650","Honey","Rowse","United Kingdom","honey","honey","2","e","a-plus","329.0","80.8","0.025","false","pending","","Global Food Nutrition Database (Open Food Facts snapshot, 2025-12-10)","English-readable candidate from an India/English-speaking market; manual familiarity review required"
"5060298572431","Blossom Honey","Hiltop Honey","United Kingdom","Breakfasts,Spreads,Sweet spreads,Bee products,Farming products,Sweeteners,Honeys,Cherry blossom honeys","Honey","2","d","a","307.0","76.0","0.03","false","pending","","Global Food Nutrition Database (Open Food Facts snapshot, 2025-12-10)","English-readable candidate from an India/English-speaking market; manual familiarity review required"
"4056489091738","Mild olive oil","Lidl,Primadonna","United Kingdom","Plant-based foods and beverages,Plant-based foods,Fats,Vegetable fats,Olive tree products,Vegetable oils,Olive oils,Olive oil mixes","Olive oil (refined olive oils, virgin olive oils).","2","b","d","828.0","0.0","0.0","false","pending","","Global Food Nutrition Database (Open Food Facts snapshot, 2025-12-10)","English-readable candidate from an India/English-speaking market; manual familiarity review required"
"4061459381702","EXTRA VIRGIN OLIVE OIL","Solesta","en:united-kingdom","Plant-based foods and beverages, Plant-based foods, Fats, Vegetable fats, Olive tree products, Vegetable oils, Olive oils, Extra-virgin olive oils, en:virgin-olive-oils","olive oil","2","b","e","820.0","0.0","0.0","false","pending","","Global Food Nutrition Database (Open Food Facts snapshot, 2025-12-10)","English-readable candidate from an India/English-speaking market; manual familiarity review required"
"5055534301180","Peanut butter","Myprotein, My Protein","France, Germany, Italy, en:united-kingdom","Plant-based foods and beverages, Plant-based foods, Legumes and their products, Fats, Spreads, Nuts and their products, Plant-based spreads, Oilseed purees, Legume butters, Nut butters, Peanut butters","100%  peanuts  (whole skin on)","2","a","d","624.0","5.0","5e-05","false","pending","","Global Food Nutrition Database (Open Food Facts snapshot, 2025-12-10)","English-readable candidate from an India/English-speaking market; manual familiarity review required"
"5000246728787","Yeo Valley Salted Butter","Yeo Valley","en:United Kingdom","Dairies, Fats, Spreads, Spreadable fats, Animal fats, Milkfat, Dairy-spread, Butters, Butter fat","Organic unsalted butter (milk), salt.","2","e","d","745.0","0.6","1.5","false","pending","","Global Food Nutrition Database (Open Food Facts snapshot, 2025-12-10)","English-readable candidate from an India/English-speaking market; manual familiarity review required"
"3155250361825","President spreadable lightly salted","Lactalis, Président","Belgium, France, en:united-kingdom","Dairies, Fats, Spreads, Spreadable fats, Animal fats, Milkfat, Dairy-spread, Butters, Half-salted butter","Beurre, crème légère, sel (1.3% max), ferments lactiques.","2","e","e","640.0","1.5","3.25","false","pending","","Global Food Nutrition Database (Open Food Facts snapshot, 2025-12-10)","English-readable candidate from an India/English-speaking market; manual familiarity review required"
"5000232919953","Napolina Extra Virgin Olive Oil 500Ml","Napolina","France, United Kingdom","Plant-based foods and beverages, Plant-based foods, Fats, Vegetable fats, Olive tree products, Vegetable oils, Olive oils, Extra-virgin olive oils, Virgin olive oils","Extra Virgin Olive Oil","2","b","d","823.0","0.0","0.0","false","pending","","Global Food Nutrition Database (Open Food Facts snapshot, 2025-12-10)","English-readable candidate from an India/English-speaking market; manual familiarity review required"
"4056489383444","Spreadable west contry butter","Lidl","en:gb","Dairies, Fats, Spreads, Spreadable fats, Animal fats, Milkfat, Dairy-spread, Butters","64% Butter (Milk), 26% Rapeseed Oil, Water, 0.9% Cornish Sea Salt, Salt.","2","e","d","718.0","1.0","1.3775","false","pending","","Global Food Nutrition Database (Open Food Facts snapshot, 2025-12-10)","English-readable candidate from an India/English-speaking market; manual familiarity review required"
"4056489307020","Clear Honey","Lidl","United Kingdom","Breakfasts,Spreads,Sweet spreads,Bee products,Farming products,Sweeteners,Honeys,Clear honey","honey,","2","e","a","359.0","79.7","0.04","false","pending","","Global Food Nutrition Database (Open Food Facts snapshot, 2025-12-10)","English-readable candidate from an India/English-speaking market; manual familiarity review required"
"5010067301502","Granulated Sugar","Silver Spoon","United Kingdom","Sweeteners, Sugars, Granulated sugars","Sugar","2","e","a-plus","400.0","100.0","0.0","false","pending","","Global Food Nutrition Database (Open Food Facts snapshot, 2025-12-10)","English-readable candidate from an India/English-speaking market; manual familiarity review required"
"01789621","Runny Honey","Sainsbury's","United Kingdom","Spreads,Sweet spreads,Bee products,Farming products,Sweeteners,Honeys","Pure Honey (100%).","2","e","a","329.0","80.8","0.03","false","pending","","Global Food Nutrition Database (Open Food Facts snapshot, 2025-12-10)","English-readable candidate from an India/English-speaking market; manual familiarity review required"
"4088600233307","Clear Honey","Aldi","United Kingdom","Breakfasts,Spreads,Sweet spreads,Bee products,Farming products,Sweeteners,Honeys","honey","2","unknown","a","307.0","76.7","","false","pending","","Global Food Nutrition Database (Open Food Facts snapshot, 2025-12-10)","English-readable candidate from an India/English-speaking market; manual familiarity review required"
"5031021679253","Extra Virgin Olive Oil","Tesco","France, United Kingdom, en:ireland","Plant-based foods and beverages, Plant-based foods, Fats, Vegetable fats, Olive tree products, Vegetable oils, Olive oils, Extra-virgin olive oils, Virgin olive oils","Extra Virgin Olive Oil.","2","b","d","900.0","0.0","0.0","false","pending","","Global Food Nutrition Database (Open Food Facts snapshot, 2025-12-10)","English-readable candidate from an India/English-speaking market; manual familiarity review required"
"4088600136318","West country Butter","Specially Selected, Aldi","en:gb","Dairies, Fats, Spreads, Spreadable fats, Animal fats, Milkfat, Dairy-spread, Butters","Butter (Milk), SEA SALT (1.5%).","2","e","e","745.0","0.6","1.52","false","pending","","Global Food Nutrition Database (Open Food Facts snapshot, 2025-12-10)","English-readable candidate from an India/English-speaking market; manual familiarity review required"
"5740900404571","Butter","Lupark","United Kingdom","Dairies, Fats, Spreads, Spreadable fats, Animal fats, Milkfat, Dairy-spread, Butters, Butter spread","butter (milk), rapeseed oil, water, lactic culture (milk)","2","d","e","679.0","0.6","0.01","false","pending","","Global Food Nutrition Database (Open Food Facts snapshot, 2025-12-10)","English-readable candidate from an India/English-speaking market; manual familiarity review required"
"5052909732600","Squeezy Honey","Tesco","France, United Kingdom, en:ireland","Breakfasts,Spreads,Sweet spreads,Bee products,Farming products,Sweeteners,Honeys","Honey","2","e","a","331.0","82.4","0.03","false","pending","","Global Food Nutrition Database (Open Food Facts snapshot, 2025-12-10)","English-readable candidate from an India/English-speaking market; manual familiarity review required"
"5000171010025","Wild Pacific Red Salmon","John West","Australia, France, Morocco, New Zealand, United Kingdom, en:india","Seafood,Fishes and their products,Canned foods,Fishes,Fatty fishes,Canned fishes,Salmons,Canned salmons","red salmon 99 %, salt.","3","a","d","151.0","0.0","0.9","false","pending","","Global Food Nutrition Database (Open Food Facts snapshot, 2025-12-10)","English-readable candidate from an India/English-speaking market; manual familiarity review required"
"8715700407760","Tomato Ketchup BIO","Heinz","Belgium,France,Germany,Romania,Spain,Switzerland,United Kingdom,United States","Condiments,Sauces,Tomato sauces,Ketchup","Tomates (180 g pour 100 g de Ketchup), sucre, vinaigre, sel, épices (contient céleri), poudre d'oignon, poudre d'ail,","3","d","a-plus","112.0","24.8","1.7","false","pending","","Global Food Nutrition Database (Open Food Facts snapshot, 2025-12-10)","English-readable candidate from an India/English-speaking market; manual familiarity review required"
"0028400199148","Classic","Lay's","United States","Plant-based foods and beverages,Plant-based foods,Snacks,Cereals and potatoes,Salty snacks,Appetizers,Chips and fries,Crisps,Potato crisps","POTATOES, VEGETABLE OIL (CANOLA, CORN, SOYBEAN AND/OR SUNFLOWER OIL), AND SALT","3","d","b","571.0","3.57","1.25","false","pending","","Global Food Nutrition Database (Open Food Facts snapshot, 2025-12-10)","English-readable candidate from an India/English-speaking market; manual familiarity review required"
"0879890000694","Multi-Grain Crackers 6-Seed","Crunchmaster","United States, World","snacks, salty-snacks, appetizers, da:crackers","brown rice flour, sesame seeds, potato starch, safflower oil, flax seeds, rice fiber, tamari soy sauce (soybeans, salt), quinoa seeds, amaranth seeds, millet, sea salt, chia seeds,","3","b","b","466.6667","0.0","0.91666675","false","pending","","Global Food Nutrition Database (Open Food Facts snapshot, 2025-12-10)","English-readable candidate from an India/English-speaking market; manual familiarity review required"
"5000436734345","Tesco Finest All Butter Croissant 4 Pack","Tesco","United States, en:united-kingdom","Snacks,Croissants","Wheat Flour (Wheat Flour, Calcium Carbonate, Iron, Niacin, Thiamin) Butter, Water, Sugar, Pasteurised Egg, Dried Skimmed Milk, Yeast, Salt, Inactive Wheat Sourdough, Acetoc Acid, Flour Treatment Agent (Ascorbic Acid), Lactic Acid.","3","e","b","407.0","6.7","0.67","false","pending","","Global Food Nutrition Database (Open Food Facts snapshot, 2025-12-10)","English-readable candidate from an India/English-speaking market; manual familiarity review required"
"0051500255650","Peanut Butter Spread","Jif Natural","France,United States, World","Plant-based foods and beverages, Plant-based foods, Legumes and their products, Spreads, Plant-based spreads, Oilseed purees, Legume butters, Peanut butters, en:nut-butters","PEANUTS, SUGAR, PALM OIL, SALT, MOLASSES","3","c","d","576.0","12.1","0.606","false","pending","","Global Food Nutrition Database (Open Food Facts snapshot, 2025-12-10)","English-readable candidate from an India/English-speaking market; manual familiarity review required"
"0748404287947","Organic Quinoa & Brown Rice with Garlic","Seeds of Change","Spain, World, Estados Unidos, Francia, en:united-states","Plant-based foods and beverages, Plant-based foods, Cereals and potatoes, Seeds, Cereals and their products, Meals, Cereal grains, Rices, Quinoa dishes","WATER, WHOLE GRAIN BROWN RICE, BLEND OF WHOLE GRAIN QUINOA (WHOLE GRAIN RED QUINOA, WHOLE GRAIN BLACK QUINOA), SUNFLOWER OIL, SEA SALT, GARLIC POWDER, DEHYDRATED GARLIC, ONION POWDER, MINCED GARLIC, PARSLEY, BLACK PEPPER","3","b","f","183.0","0.417","0.604","false","pending","","Global Food Nutrition Database (Open Food Facts snapshot, 2025-12-10)","English-readable candidate from an India/English-speaking market; manual familiarity review required"
"5010044006529","Old English Medium Sliced White Bread","Warburtons","United States,United Kingdom","White breads","_Wheat_ Flour [with Calcium, Iron, Niacin (B3) and Thiamin (B1)], Water, Yeast, Liquid Concentrated Sponge Extract (Water, _Wheat_ Flour, Yeast), Vegetable Oil (Rapeseed, Sustainable Palm), Salt, Fermented _Wheat_ Flour, _Soya_ Flour, Flour Treatment Agent: Ascorbic Acid (Vitamin C).","3","c","unknown","248.0","3.4","0.98","false","pending","","Global Food Nutrition Database (Open Food Facts snapshot, 2025-12-10)","English-readable candidate from an India/English-speaking market; manual familiarity review required"
"0078895126396","Premium Soy Sauce","Lee Kum Kee","Australia,Czech Republic,France,Germany,Ireland,New Zealand,United Kingdom,United States","Condiments,Sauces,Soy sauces,fr:Sauces au soja salées,Asian-foods,Chinese-foods","Water, Soybeans 17.5%, Salt, Sugar, Wheat Flour.","3","e","a","100.0","13.3","17.2","false","pending","","Global Food Nutrition Database (Open Food Facts snapshot, 2025-12-10)","English-readable candidate from an India/English-speaking market; manual familiarity review required"
"0044000050986","Triscuit Cracker","Mondelez, Nabisco-Triscuit","France,United States, World","snacks, salty-snacks, sweet-snacks, appetizers, biscuits-and-cakes, biscuits, da:crackers","whole grain wheat, canola oil, sea salt.","3","c","b","429.0","0.0","1.52","false","pending","","Global Food Nutrition Database (Open Food Facts snapshot, 2025-12-10)","English-readable candidate from an India/English-speaking market; manual familiarity review required"
"8000320010118","Rosii Cirio Diced Tomatoes","Cirio, Cirio La polpa rustica","Belgium, France, Germany, Switzerland, United Kingdom, United States, en:romania","Plant-based foods and beverages, Plant-based foods, Fruits and vegetables based foods, Canned foods, Vegetables based foods, Canned plant-based foods, Vegetables, Canned vegetables, Tomatoes and their products, Tomatoes, Canned tomatoes, Tomato pulps","chopped tomatoes, tomato paste, salt, acidity regulator: citric acid,","3","a","a","27.0","3.4","0.25","false","pending","","Global Food Nutrition Database (Open Food Facts snapshot, 2025-12-10)","English-readable candidate from an India/English-speaking market; manual familiarity review required"
"0850000547568","MINI FRUIT BARS","That's it.","United States","Plant-based foods and beverages,Plant-based foods,Fruits and vegetables based foods,Snacks,Sweet snacks,Confectioneries,Fruit paste variety packs","APPLES, STRAWBERRIES. 

APPLES, MANGOES. 

APPLES BLUEBERRIES","3","c","b","300.0","50.0","0.188","false","pending","","Global Food Nutrition Database (Open Food Facts snapshot, 2025-12-10)","English-readable candidate from an India/English-speaking market; manual familiarity review required"
"0602652171864","Oats & Honey Granola with Toasted Coconut","KIND","United States, World","Plant-based foods and beverages, Plant-based foods, Breakfasts, Cereals and potatoes, Cereals and their products, Breakfast cereals, Mueslis","Oats, tapioca syrup, cane sugar, brown rice, honey, millet, oat flour, coconut, canola oil, buckwheat, amaranth, molasses, quinoa, brown rice syrup, sea salt, Vitamin E tocopherols","3","c","b","367.0","16.7","0.125","false","pending","","Global Food Nutrition Database (Open Food Facts snapshot, 2025-12-10)","English-readable candidate from an India/English-speaking market; manual familiarity review required"
"0096619656493","Organic Tortilla Chips","Kirkland Signature","United States","Snacks, Salty snacks, Appetizers, Chips and fries, Crisps, Corn chips","Organic corn, organic vegetable oil (organic sunflower and/or organic canola oil), sea salt.","3","c","b","500.0","0.0","0.893","false","pending","","Global Food Nutrition Database (Open Food Facts snapshot, 2025-12-10)","English-readable candidate from an India/English-speaking market; manual familiarity review required"
"0051500243213","PEANUT BUTTER SPREAD","Jif","United States, World","Plant-based foods,Legumes and their products,Spreads,Nuts and their products,Plant-based spreads,Sweet spreads,Oilseed purees,Legume butters,Nut butters,Peanut butters","PEANUTS, SUGAR, PALM OIL, SALT, MOLASSES","3","c","d","576.0","12.1","0.606","false","pending","","Global Food Nutrition Database (Open Food Facts snapshot, 2025-12-10)","English-readable candidate from an India/English-speaking market; manual familiarity review required"
"0855140002175","Ancient Grain Granola","Purely Elizabeth","Panama,United States, World","Plant-based foods and beverages, Plant-based foods, Breakfasts, Cereals and potatoes, Cereals and their products, Breakfast cereals, Mueslis","Organic Certified Gluten-Free Oats, Organic Coconut Sugar, Organic Coconut Oil, Organic Sunflower Seeds, Organic Puffed Amaranth, Organic Quinoa Flakes, Organic Chia Seeds, Organic Cinnamon, Sea Salt.","3","e","b","433.0","20.0","3.48","false","pending","","Global Food Nutrition Database (Open Food Facts snapshot, 2025-12-10)","English-readable candidate from an India/English-speaking market; manual familiarity review required"
"0044000051693","original made with sea salt","triscuit","France,United States, World","snacks, salty-snacks, appetizers, da:crackers","WHOLE GRAIN WHEAT, CANOLA OIL, SEA SALT. CONTAINS: WHEAT","3","unknown","b","429.0","","1.52","false","pending","","Global Food Nutrition Database (Open Food Facts snapshot, 2025-12-10)","English-readable candidate from an India/English-speaking market; manual familiarity review required"
"0612322000202","Fruit & Seed Oatcakes","Nairn's","France,United Kingdom,United States,en:united-kingdom","Snacks, Sweet snacks, Biscuits and cakes, Biscuits and crackers, Biscuits, en:appetizers","Wholegrain _Oats_ (68%), Currants (12%) (Currants, Sunflower Oil), Brown Sugar, Sustainable Palm Fruit Oil, Brown Flaxseeds (6%), Raising Agent: Sodium Bicarbonate, Sea Salt.","3","c","c","440.0","16.0","0.516","false","pending","","Global Food Nutrition Database (Open Food Facts snapshot, 2025-12-10)","English-readable candidate from an India/English-speaking market; manual familiarity review required"
"00414234","Tortilla chips","Trader Giotto's","France,United Kingdom,United States","Snacks,Salty snacks,Appetizers,Chips and fries,Crisps,Corn chips,Apéritif,Chips-de-maïs,Snacks-salés","Maize Flour Vegetable Oil (Sunflower/Rapeseed)","3","c","a-plus","481.0","1.4","0.75","false","pending","","Global Food Nutrition Database (Open Food Facts snapshot, 2025-12-10)","English-readable candidate from an India/English-speaking market; manual familiarity review required"
"0030000169018","Lightly Salted Rice Cakes","Quaker","United States","Plant-based foods and beverages,Plant-based foods,Cereals and potatoes,Cereals and their products,Puffed cereal cakes,Puffed rice cakes,Rice-cakes","Whole grain brown rice, salt","3","b","d","389.0","0.0","0.417","false","pending","","Global Food Nutrition Database (Open Food Facts snapshot, 2025-12-10)","English-readable candidate from an India/English-speaking market; manual familiarity review required"
"4067796002003","Haferdrink Natur","DmBio","Germany, United States, en:romania","Getränke und Getränkezubereitungen, Pflanzliche Lebensmittel und Getränke, Getränke, Pflanzliche Lebensmittel, Getreide und Kartoffeln, en:Dairy substitutes, Getreideprodukte, Milchersatz, Pflanzliche Getränke, Pflanzenmilch, Getreidemilch, Hafermilch","Wasser, 11%Vollkornhafer, Sonnenblumenöl, Meersalz","3","d","c","40.0","5.2","0.13","false","pending","","Global Food Nutrition Database (Open Food Facts snapshot, 2025-12-10)","English-readable candidate from an India/English-speaking market; manual familiarity review required"
"0058449770565","PUMPKIN SEED + FLAX GRANOLA","NATURE'S PATH ORGANIC","France, World, en:united-states","Plant-based foods and beverages, Plant-based foods, Breakfasts, Cereals and potatoes, Cereals and their products, Breakfast cereals, en:mueslis","Whole grain rolled oats*, cane sugar, soy oil*, brown rice flour pumpkin seeds, flax seeds* oat syrup solids* [oat syrup solids*, tocopherols (added to enhance freshness)], sea salt, molasses*, cinnamon*. *Organic. Contains soy. Produced in a facility that uses wheat, peanuts and tree nuts. VEGAN Contains 700 mg of ALA per serving, which is 44% of the 1.6 g Daily Value for ALA.","3","c","b","473.0","18.2","0.205","false","pending","","Global Food Nutrition Database (Open Food Facts snapshot, 2025-12-10)","English-readable candidate from an India/English-speaking market; manual familiarity review required"
"0884912004710","THE ORIGINAL grape-nuts CEREAL","Post","Panama,United States, World","Plant-based foods and beverages,Plant-based foods,Breakfasts,Cereals and potatoes,Cereals and their products,Breakfast cereals","whole grain wheat flour, malted barley flour, salt, dried yeast, vitamins and minerals: reduced iron, niacinamide, zinc oxide (source of zinc), vitamin b6, thiamin mononitrate (vitamin b1), folic acid.","3","c","e","345.0","8.62","1.16","false","pending","","Global Food Nutrition Database (Open Food Facts snapshot, 2025-12-10)","English-readable candidate from an India/English-speaking market; manual familiarity review required"
"7394376620157","Barista edition oat drink","Oatly!","United States, en:united-kingdom","Plant-based foods and beverages,Beverages,Plant-based foods,Cereals and potatoes,Dairy substitutes,Cereals and their products,Milk substitutes,Plant-based beverages,Plant-based milk alternatives,Cereal-based drinks,Oat-based drinks","water, oats 10%, rapeseed oil, acidity regulator (dipotassium phosphate), minerals (calcium carbonate, potassium iodide), salt, vitamins (d2, riboflavin, b12),","3","d","c","61.0","3.4","0.1","false","pending","","Global Food Nutrition Database (Open Food Facts snapshot, 2025-12-10)","English-readable candidate from an India/English-speaking market; manual familiarity review required"
"5060198820052","Peter's Yard Original Sourdough Crackers","Peter's Yard","France,United States,Ireland,United Kingdom","plant-based-foods-and-beverages, plant-based-foods, snacks, cereals-and-potatoes, salty-snacks, appetizers, biscuits-and-cakes, breads, da:crackers, crispbreads","_Milk_, _rye_ flour, _wheat_ flour, sourdough 11.5% (_rye_ flour, water), _wholewheat_ flour, honey, salt, yeast.","3","unknown","a","","","","false","pending","","Global Food Nutrition Database (Open Food Facts snapshot, 2025-12-10)","English-readable candidate from an India/English-speaking market; manual familiarity review required"
"0898999010007","Coconut Water The Original","Vita Coco","Canada,France,United Kingdom,United States, World","Beverages and beverages preparations,Plant-based foods and beverages,Beverages,Plant-based beverages,Coconut waters","COCONUT WATER, SUGAR, ASCORBIC ACID (VITAMIN C)","3","b","d","19.8","4.85","0.116","false","pending","","Global Food Nutrition Database (Open Food Facts snapshot, 2025-12-10)","English-readable candidate from an India/English-speaking market; manual familiarity review required"
"0856069005957","Almond Flour Crackers","Simple Mills","United States, World","snacks, salty-snacks, appetizers, da:crackers","Nut & Seed Flour Blend (almonds, sunflower seeds, flax seeds), Tapioca Starch, Cassava Flour, Organic Sunflower Oil, Sea Salt, Organic Onion, Organic Garlic, Rosemary Extract.","3","d","b","500.0","0.0","1.92","false","pending","","Global Food Nutrition Database (Open Food Facts snapshot, 2025-12-10)","English-readable candidate from an India/English-speaking market; manual familiarity review required"
"0070303022160","Sardines in 100% Olive Oil","Season Brand","Spain,United States,World,Estados Unidos","Seafood,Fishes and their products,Canned foods,Fishes,Fatty fishes,Canned fishes,Sardines,Canned sardines,Sardines in oil,Sardines in olive oil","Sardines (Fish), Olive Oil, Salt","3","b","e","235.0","0.0","1.0","false","pending","","Global Food Nutrition Database (Open Food Facts snapshot, 2025-12-10)","English-readable candidate from an India/English-speaking market; manual familiarity review required"
"5011157888101","Pure Basmati Rice","Tilda","Australia,Belgium,Germany,United Kingdom,New Zealand","Plant-based foods and beverages, Plant-based foods, Cereals and potatoes, Seeds, Cereals and their products, Meals, Cereal grains, Rices, Aromatic rices, Indica rices, Long grain rices, Basmati rices","basmati rice 98%, rice bran oil","3","b","f","143.0","0.1","0.03","false","pending","","Global Food Nutrition Database (Open Food Facts snapshot, 2025-12-10)","English-readable candidate from an India/English-speaking market; manual familiarity review required"
"5011308000307","Pataks On the Side Lime Pickle","Patak's","Australia, France, New Zealand, en:united-kingdom","Plant-based foods and beverages,Plant-based foods,Pickles,Plant-based pickles,Indian,Indian food","Limes (66%), Rapeseed Oil, Salt, Ground Spices (3%) [Spices, Paprika, MUSTARD), Acid (Acetic Acid), Cracked Yellow MUSTARD Seed (2%), Cracked Fenugreek Seed","3","e","unknown","187.0","2.2","8.9","false","pending","","Global Food Nutrition Database (Open Food Facts snapshot, 2025-12-10)","English-readable candidate from an India/English-speaking market; manual familiarity review required"
"5011157888316","Tilda Coconut Basmati Rice","Sainsbury's, Tilda","Australia,France,United Kingdom,New Zealand","Plant-based foods and beverages,Plant-based foods,Cereals and potatoes,Seeds,Cereals and their products,Cereal grains,Rices,Aromatic rices,Long grain rices","Natural Basmati Rice - Steamed (89%), Coconut Cream (7.5%). Desiccated Coconut (2.3%), Sunflower Oil, Lime Leaf.","3","d","f","163.0","0.4","0.024","false","pending","","Global Food Nutrition Database (Open Food Facts snapshot, 2025-12-10)","English-readable candidate from an India/English-speaking market; manual familiarity review required"
"20083892","lightly salted Rice Cakes","lidl","Australia,Bélgica,Francia,España,Reino Unido","Plant-based foods and beverages,Plant-based foods,Cereals and potatoes,Cereals and their products,Puffed cereal cakes,Puffed rice cakes,Products without gluten","99,7% brown rice, 0,3% salt, 
may also contain sesame and soya","3","c","c","357.0","1.43","0.286","false","pending","","Global Food Nutrition Database (Open Food Facts snapshot, 2025-12-10)","English-readable candidate from an India/English-speaking market; manual familiarity review required"
"5011157888132","Tilda Steamed Brown Basmati Rice","Tilda","Australia, France, New Zealand, en:united-kingdom","Plant-based foods and beverages,Plant-based foods,Cereals and potatoes,Rices,Aromatic rices,Indica rices,Long grain rices,Brown rices,Basmati rices,Brown Basmati rices","Natural Basmati Rice - Cooked (98%), Rice Bran Oil, Salt.","3","b","f","129.0","0.2","0.03","false","pending","","Global Food Nutrition Database (Open Food Facts snapshot, 2025-12-10)","English-readable candidate from an India/English-speaking market; manual familiarity review required"
"5022019560202","Blueberry & Blackcurrant  Cordial","Belvoir Farm","Australia, France, Germany, en:united-kingdom","Beverages and beverages preparations, Beverages, Sweetened beverages","Sugar, water, blueberry juice 10%, blackcurrant juice 9%, blueberry juice from concentrate 7%, citric acid","3","c","unknown","21.0","4.9","0.0","false","pending","","Global Food Nutrition Database (Open Food Facts snapshot, 2025-12-10)","English-readable candidate from an India/English-speaking market; manual familiarity review required"
"5011157120706","Wholegrain Basmati & Quinoa Rice","Tilda","France, New Zealand, en:united-kingdom","Plant-based foods and beverages, Plant-based foods, Cereals and potatoes, Seeds, Cereals and their products, Cereal grains, Rices, Aromatic rices, Indica rices, Long grain rices, Basmati rices, en:brown-rices","Natural Brown Basmati Rice - Steamed (90%), Natural Yellow and Red Quinoa - Steamed (7%), Sunflower Oil, Vegetable Stock Powder (Rice Flour, Salt, Onions, Parsnips, Carrots, Olive Oil, Turmeric, Parsley), Salt. handling","3","c","f","132.0","0.32","0.276","false","pending","","Global Food Nutrition Database (Open Food Facts snapshot, 2025-12-10)","English-readable candidate from an India/English-speaking market; manual familiarity review required"
"6921180820025","Pearl River Bridge Soy Sauce","Pearl River Bridge, guandong pro bio tech","France, Germany, New Zealand, en:united-kingdom","Condiments, Sauces, Soy sauces, fr:Sauces au soja salées, Groceries","Water, Soybeans 29%, Salt, Wheat flour, Preservative: E202","3","e","a","38.0","1.9","17.21","false","pending","","Global Food Nutrition Database (Open Food Facts snapshot, 2025-12-10)","English-readable candidate from an India/English-speaking market; manual familiarity review required"
"5018374285577","Italian Original Breadsticks","Tesco","France,Singapore,United Kingdom","Plant-based foods and beverages, Plant-based foods, Cereals and potatoes, Breads, Breadsticks","_Wheat_ Flour, Olive Oil 7%, Yeast, _Barley_ Malt Extract, Salt.","3","d","a","414.0","2.8","1.8","false","pending","","Global Food Nutrition Database (Open Food Facts snapshot, 2025-12-10)","English-readable candidate from an India/English-speaking market; manual familiarity review required"
"5052675000224","Classic Butter Chicken Kit","The Spice Tailor","Australia,France,New Zealand,United Kingdom","Condiments, Sauces, Tomato sauces, en:butter-chicken","water, tomato paste (20%), onion (17%), cream (milk), cashew nuts, butter (4%), ginger, garlic, spices (2%), salt, sugar, sunflower oil,","3","d","a","141.0","6.0","1.31","false","pending","","Global Food Nutrition Database (Open Food Facts snapshot, 2025-12-10)","English-readable candidate from an India/English-speaking market; manual familiarity review required"
"5052675030009","Keralan Coconut Curry","The Spice Tailor","United Kingdom, en:australia","Condiments, Sauces, Curry sauces, Indian","Water, Coconut Milk Powder (21%), Onion, Garlic, Ginger, Sunflower Oil, Tomato Paste, Ground and Whole Spices, _MUSTARD_ Seeds, Salt, Curry Leaves, Rice Flour, Tamarind Paste, CASHEW _NUTS_ Turmeric Powder, Green Chillies, _MILK_ Powder.","3","d","a","238.0","2.2","0.00325","false","pending","","Global Food Nutrition Database (Open Food Facts snapshot, 2025-12-10)","English-readable candidate from an India/English-speaking market; manual familiarity review required"
"5011308000314","Korma spice paste","Patak's","Australia, France, New Zealand, United Kingdom, en:ireland","Condiments,Sauces,Meal sauces,Curry pastes","water, ground spices (12%) [coriander (4%), turmeric, spices, paprika, cumin, fenugreek], rapeseed oil (11%), sugar, oconcentrated tomato purée (5%), salt, maize flour, p ginger purée, garlic purée, 2desiccated coconut (3%), acid (acetic acid), dried ponion, mustard powder, dried coriander leaf,","3","e","unknown","229.0","9.2","4.8","false","pending","","Global Food Nutrition Database (Open Food Facts snapshot, 2025-12-10)","English-readable candidate from an India/English-speaking market; manual familiarity review required"
"9322969000015","Corn Thins Original","Real Foods","Australia,France,New Zealand,United Kingdom","plant-based-foods-and-beverages, plant-based-foods, snacks, salty-snacks, appetizers, corn-thins, da:crackers","maize (99%), vegetable oil, sea salt","3","unknown","b","383.0","0.556","0.653","false","pending","","Global Food Nutrition Database (Open Food Facts snapshot, 2025-12-10)","English-readable candidate from an India/English-speaking market; manual familiarity review required"
"3046920028004","70% chocolate","Lindt & Sprüngli","Australia,Belgium,Canada,Czech Republic,Denmark,Estonia,France,Germany,Hungary,Ireland,Italy,Lebanon,Morocco,Netherlands,Portugal,Serbia,Spain,Switzerland,United Kingdom","Snacks,Sweet snacks,Cocoa and its products,Chocolates,Dark chocolates,Dark chocolate bar with more than 70% cocoa,Extra fine dark chocolates","Cocoa mass, sugar, cocoa butter, vanilla.","3","e","e","566.0","30.0","0.0975","false","pending","","Global Food Nutrition Database (Open Food Facts snapshot, 2025-12-10)","English-readable candidate from an India/English-speaking market; manual familiarity review required"
"3056440083193","Chipster","Belin, Mondelez","Canada,France,Guadeloupe,Suisse","snacks, salty-snacks, appetizers, da:crackers, puffed-salty-snacks, puffed-salty-snacks-made-from-potato","potato flakes and starch 76,6%, palm oil, salt 3,6%, antioxidant (rosemary extract), turmeric,","3","e","b","472.0","0.7","3.0","false","pending","","Global Food Nutrition Database (Open Food Facts snapshot, 2025-12-10)","English-readable candidate from an India/English-speaking market; manual familiarity review required"
"5000157004017","Baked Bean In Tomato Sauce","Heinz","United Kingdom","Plant-based foods and beverages, Plant-based foods, Canned foods, Fruits and vegetables based foods, Canned plant-based foods, Vegetables based foods, Canned vegetables, Prepared vegetables, Baked beans in tomato sauce","Beans (49%), Tomatoes (35%), Water, Sugar, Modified Comflour, Spirit Vinegar, Salt, Spice Extracts, Herb Extract.","3","a","a","71.0","4.7","0.6","false","pending","","Global Food Nutrition Database (Open Food Facts snapshot, 2025-12-10)","English-readable candidate from an India/English-speaking market; manual familiarity review required"
"50457236","Tomato Ketchup","Heinz","Ireland,United Kingdom","Condiments,Sauces,Tomato sauces,Ketchup,Tomato Ketchup,Groceries","tomatoes, spirit vinegar, sugar, salt, spice and herb extracts (contain _celery_), spice","3","c","a","100.0","22.7","0.988","false","pending","","Global Food Nutrition Database (Open Food Facts snapshot, 2025-12-10)","English-readable candidate from an India/English-speaking market; manual familiarity review required"
"5059319029702","Rice Krispies","Kellogg’s","United Kingdom, en:ireland","Plant-based foods and beverages, Plant-based foods, Breakfasts, Cereals and potatoes, Cereals and their products, Breakfast cereals","(EN) TOASTED RICE CEREAL FORTIFIED WITH VITAMINS AND IRON. INGREDIENTS: Rice, sugar, salt, barley malt extract, niacin, iron, vitamin B6, riboflavin, thiamin, folic acid, vitamin D, vitamin B12. For allergens see ingredients highlighted in bold. May contain gluten from other cereals.","3","c","e","389.0","7.9","0.9825","false","pending","","Global Food Nutrition Database (Open Food Facts snapshot, 2025-12-10)","English-readable candidate from an India/English-speaking market; manual familiarity review required"
"5000127014084","CORN FLAKES 1kg","Kellogg's","France, United Kingdom, en:ireland","en:Plant-based foods and beverages, en:Plant-based foods, en:Breakfasts, en:Cereals and potatoes, en:Cereals and their products, en:Breakfast cereals, en:Flakes, en:Cereal flakes, en:Extruded cereals, en:Extruded flakes, en:Corn flakes","Maize, barley malt extract, sugar, salt, niacin, iron, vitamin B6, riboflavin, thiamin, folic acid, vitamin D, vitamin B12","3","d","d","378.0","8.0","1.0825","false","pending","","Global Food Nutrition Database (Open Food Facts snapshot, 2025-12-10)","English-readable candidate from an India/English-speaking market; manual familiarity review required"
"50457366","heinz ketchup","Heinz, Morrisons","France,United Kingdom","Condiments, Sauces, Tomato sauces, Ketchup, Tomato Ketchup, Groceries","tomatoes(148g per 100g), spirit vinegar, sugar, salt, spice and herb extracts( celery ), spice","3","d","a-plus","102.0","22.8","1.8","false","pending","","Global Food Nutrition Database (Open Food Facts snapshot, 2025-12-10)","English-readable candidate from an India/English-speaking market; manual familiarity review required"
"5059319021836","Rice krispies","Kellogg's","en:United Kingdom","Plant-based foods and beverages, Plant-based foods, Breakfasts, Cereals and potatoes, Cereals and their products, Breakfast cereals, Puffed grains, Puffed cereals","Rice, sugar, salt, barley malt extract, niacin, iron, vitamin B6, riboflavin, thiamin, folic acid, vitamin D, vitamin B12.","3","c","d","389.0","7.9","1.0","false","pending","","Global Food Nutrition Database (Open Food Facts snapshot, 2025-12-10)","English-readable candidate from an India/English-speaking market; manual familiarity review required"
"5000157146298","Sundried Cherry Tomato & Basil","Heinz","en:gb","Condiments,Sauces,Pasta sauces,Tomato sauces with basil,Tomato sauces,Tomato sauces with onions","Tomato (75%), tomato puree, sundried cherry tomato (6%), onion, extra virgin olive oil, basil (2%), garlic, sea salt, apple juice concentrate, lemon juice concentrate, black pepper.","3","a","b","49.0","4.3","0.72","false","pending","","Global Food Nutrition Database (Open Food Facts snapshot, 2025-12-10)","English-readable candidate from an India/English-speaking market; manual familiarity review required"
"8901058000290","maggi","Nestle","India","Plant-based foods and beverages,Plant-based foods,Dried products,Pastas,Dried products to be rehydrated,Noodles,Instant noodles,Instant Noodles with Seasoning","NOODLES: Refined wheat flour (Maida), Palm oil, lodized salt, Wheat gluten, Thickeners (508 & 412). Acidity regulators (501(i) & 500(i)) and Humectant (451(i)). MASALA TASTEMAKER®: Mixed spices (25.6%) (Onion powder, Coriander powder, Turmeric powder, Red chilli powder, Garlic powder, Cumin powder, Aniseed powder, Ginger powder, Fenugreek powder, Black pepper powder, Clove powder, Green cardamom powder & Nutmeg powder), Refined wheat flour (Maida), Hydrolysed groundnut protein, Sugar, Palm oil, Starch, lodized salt, Thickener (508), Flavour enhancer (635), Toasted onion flakes, Acidity regulator (330). Colour (150d), Mineral and Wheat gluten. Allergen Note: Contains Wheat & Nut. May contain Milk, Mustard, Oats And Soy.","4","e","c","384.0","1.86","2.57","false","pending","","Global Food Nutrition Database (Open Food Facts snapshot, 2025-12-10)","English-readable candidate from an India/English-speaking market; manual familiarity review required"
"54491496","diet coke 500ml","Coca-Cola, Diet Coke, The Coca-Cola Company, Tiffin Sandwiches","France, United Kingdom, en:india","Beverages, Carbonated drinks, Artificially sweetened beverages, Sodas, Diet beverages, Colas, Diet sodas, Unsweetened beverages, Diet cola soft drink, Sweetened beverages","csd water, caramel color, aspartame, phosphoric acid, potassium benzoate (to protect taste), natural flavors, citric acid, caffeine, contains phenylalaline 
water gazeifiée, caramel colour e150d, sweeteners : aspartame, acesulfame k, flavourings, natural caffeine, phosphoric acid, citric acid","4","c","not-applicable","0.4","","0.0","false","pending","","Global Food Nutrition Database (Open Food Facts snapshot, 2025-12-10)","English-readable candidate from an India/English-speaking market; manual familiarity review required"
"0716270001660","Ginger Crystallized In Dark Chocolate","Chocolove","United States, World, en:india","Condiments,Sweet snacks,Confectioneries,Fruits based foods,Herbs and spices,Candied fruits,Ginger,Crystallized ginger,Groceries","dark chocolate (cocoa liquor*, sugar, cocoa butter*, soy lecithin, vanilla), crystallized ginger (ginger, sugar)","4","not-applicable","a-plus","500.0","40.0","0.0","false","pending","","Global Food Nutrition Database (Open Food Facts snapshot, 2025-12-10)","English-readable candidate from an India/English-speaking market; manual familiarity review required"
"8902080000227","Sting Energy","Sting","India","Beverages, Energy drinks, Energy drink with sugar","CARBONATED WATER, SUGAR, ACIDITY REGULATORS (330, 331), SEQUESTERANTS (452(1), 385),TAURINE, CAFFEINE (0.03%), PRESERVATIVES (211, 202), SWEETENERS (955, 950), INOSITOL, VITAMINS PREMIX. CONTAINS PERMITTED SYNTHETIC FOOD COLOUR (129) AND ADDED FLAVOUR (NATURAL AND NATURE IDENTICAL FLAVOURING SUBSTANCES)","4","e","not-applicable","28.0","6.8","0.1025","false","pending","","Global Food Nutrition Database (Open Food Facts snapshot, 2025-12-10)","English-readable candidate from an India/English-speaking market; manual familiarity review required"
"7622210249661","Bournville Dark Chocolate bar","Cadbury","France,United Kingdom,United States","Snacks, Sweet snacks, Cocoa and its products, Confectioneries, Bars, Chocolate candies, Chocolates, Dark chocolates","sugar, cocoa butter, cocoa mass, palm oil, emulsifiers (soya lecithin, e476),skimmed milk powder","4","e","f","523.0","58.0","0.01","false","pending","","Global Food Nutrition Database (Open Food Facts snapshot, 2025-12-10)","English-readable candidate from an India/English-speaking market; manual familiarity review required"
"0049000042566","ZERO CALORIE COLA","Coca-Cola","United States","Beverages, Carbonated drinks, Artificially sweetened beverages, Sodas, Diet beverages, Colas, Diet sodas, Diet cola soft drink","carbonated water, caramel color, phosphoric acid, aspartame, potassium benzoate, natural flavors, potassium citrate, acesulfame potassium, caffeine","4","c","not-applicable","0.0","","0.0282","false","pending","","Global Food Nutrition Database (Open Food Facts snapshot, 2025-12-10)","English-readable candidate from an India/English-speaking market; manual familiarity review required"
"5059319024479","Coco Pops","Kellogg's","United Kingdom, United States, en:ireland","Plant-based foods and beverages,Plant-based foods,Breakfasts,Cereals and potatoes,Cereals and their products,Breakfast cereals,Chocolate cereals,Chocolate puffed rice","(EN) CHOCOLATE FLAVOUR TOASTED RICE, FORTIFIED WITH VITAMINS AND MINERALS. INGREDIENTS: Rice, sugar, glucose syrup, fat reduced cocoa powder, salt, cocoa mass, barley malt extract, flavourings, niacin, iron, vitamin B6, riboflavin, thiamin, folic acid, vitamin D, vitamin B12. For allergens see ingredients highlighted","4","c","e","386.0","17.0","0.525","false","pending","","Global Food Nutrition Database (Open Food Facts snapshot, 2025-12-10)","English-readable candidate from an India/English-speaking market; manual familiarity review required"
"7501059285118","COFFEE MATE AVELLANA","NESTLE","Mexico, en:united-states","Plant-based foods and beverages, Beverages, Plant-based foods, Coffees, Sweetened beverages, es:CREMAS, es:SUSTITUTO DE CREMA, en:instant-beverages","INGREDIENIES: Agua, azúcar, aceite vegetal hidrogenado, jarabe de maiz, caseinato de sodio, saborizantes artificiales, matltodextrina, fosfato de potasio. ésteres de ácido acetil tartárico, dióxido de titanio, ceiulosa microcristalina. mono y diglcéridos de acidos  grasos, carragenina y carboxilmetilcelulosa Contiene: Caseinato de sodio (derivado de la proteína de leche).","4","unknown","unknown","","32.0","0.117","false","pending","","Global Food Nutrition Database (Open Food Facts snapshot, 2025-12-10)","English-readable candidate from an India/English-speaking market; manual familiarity review required"
"0021000658831","Cheese Sauce Mix","Kraft Heinz","France,United States,Allemagne,Royaume-Uni","Meals,Pasta dishes,Pastas,Macaroni and cheese","ENRICHED MACARONI (WHEAT FLOUR, DURUM FLOUR, NIACIN, FERROUS SULFATE [IRON], THIAMIN MONONITRATE [VITAMIN B1], RIBOFLAVIN [VITAMIN B2], FOLIC ACID), CHEESE SAUCE MIX (WHEY, MILKFAT, SALT, MILK PROTEIN CONCENTRATE, SODIUM TRIPHOSPHATE, TAPIOCA FLOUR, CITRIC ACID, CALCIUM PHOSPHATE, SODIUM PHOSPHATE, LACTIC ACID, PAPRIKA, TURMERIC, ANNATTO, CHEESE CULTURE, ENZYMES)","4","e","unknown","403.0","11.3","2.14","false","pending","","Global Food Nutrition Database (Open Food Facts snapshot, 2025-12-10)","English-readable candidate from an India/English-speaking market; manual familiarity review required"
"7622210286956","Dairymilk buttons","Cadbury","Switzerland,United Kingdom,United States","Snacks,Sweet snacks,Cocoa and its products,Confectioneries,Chocolates,Milk chocolates","milk**, sugar, cocoa butter, cocoa mass, vegetable fats (palm, shea), emulsifier (e442), flavourings, **the equivalent of 426 ml of fresh liquid milk in every 227 g of milk chocolate, milk solids 20 % minimum, actual 23 %, cocoa solids 20 % minimum, contains vegetable fats in addition to cocoa butter, we are passionate about our great quality cadbury products,  not completely satisfied? please contact us: freephone 0800 818181 (uk only), mondelez uk, po box 7008, birmingham, b30 2pt, mondelez ireland, freephone 1-800 678708, malahide road, coolock, dublin 5, www,cadbury,co,uk g best before: 23,04,2025 esto air","4","e","e","537.0","56.7","0.25","false","pending","","Global Food Nutrition Database (Open Food Facts snapshot, 2025-12-10)","English-readable candidate from an India/English-speaking market; manual familiarity review required"
"0013000006057","TOMATO KETCHUP","HEINZ","Germany,United States","Condiments, Sauces, Tomato sauces, Ketchup, Tomato Ketchup, Groceries","TOMATO CONCENTRATE FROM RED RIPE TOMATOES, DISTILLED VINEGAR, HIGH FRUCTOSE CORN SYRUP, CORN SYRUP, SALT, SPICE, ONION POWDER, NATURAL FLAVORING","4","e","b","118.0","23.5","2.65","false","pending","","Global Food Nutrition Database (Open Food Facts snapshot, 2025-12-10)","English-readable candidate from an India/English-speaking market; manual familiarity review required"
"5000137487908","The Original Cracker","Ritz Bakery","United Kingdom, United States","snacks, salty-snacks, sweet-snacks, appetizers, biscuits-and-cakes, biscuits, da:crackers","Wheat flour, sunflower oil 22 %, sugar, glucose-fructose syrup, raising agents (calcium phosphates, ammonium carbonates, sodium carbonates, potassium carbonates), salt, barley malt flour. May contain egg, milk, sesame.","4","d","b","490.0","8.3","1.3","false","pending","","Global Food Nutrition Database (Open Food Facts snapshot, 2025-12-10)","English-readable candidate from an India/English-speaking market; manual familiarity review required"
"7622210496645","Milk Chocolate Large Bar","Toblerone","France, United States, en:united-kingdom","Snacks, Sweet snacks, Cocoa and its products, Confectioneries, Chocolate candies, Chocolates, Milk chocolates, Milk chocolate bar with nougat, Swiss chocolates","sugar, whole milk powder, cocoa butter, cocoa mass, honey (3,0%), milk fat, almonds (1,6%), emulsifier (soya lecithin), egg white, flavouring, milk chocolate: cocoa solids 28% minimum, milk solids 14% minimum,","4","unknown","c","529.0","61.2","","false","pending","","Global Food Nutrition Database (Open Food Facts snapshot, 2025-12-10)","English-readable candidate from an India/English-speaking market; manual familiarity review required"
"0016000124790","Honey Nut Cheerios","General Mills","United States","Plant-based foods and beverages, Plant-based foods, Breakfasts, Cereals and potatoes, Seeds, Cereals and their products, Breakfast cereals, Cereal grains, extruded cereals","Whole Grain Oats, Sugar, Corn Starch, Honey, Brown Sugar Syrup, Salt, Tripotassium Phosphate, Canola Oil, Natural Almond Flavor, Vitamin E, Calcium Carbonate, Vitamin C, sodium ascorbate, Iron, Zinc, mineral nutrients, niacinamide, Vitamin B6, pyridoxine hydrochloride, Vitamin B1, thiamin mononitrate, Vitamin A, palmitate, Vitamin B2, riboflavin, folic acid, Vitamin B13, Vitamin D3","4","d","d","378.0","32.4","1.42","false","pending","","Global Food Nutrition Database (Open Food Facts snapshot, 2025-12-10)","English-readable candidate from an India/English-speaking market; manual familiarity review required"
"00427920","Black beans in water","Sainsburys","United States, en:united-kingdom","Plant-based foods and beverages, Plant-based foods, Legumes and their products, Canned foods, Legumes, Seeds, Canned plant-based foods, Legume seeds, Pulses, Common beans, Canned legumes, Black beans, Canned black beans, Canned common beans, Black-beans-in-water","black beans, water, firming agent: calcium chloride","4","a","a","106.0","0.5","0.02","false","pending","","Global Food Nutrition Database (Open Food Facts snapshot, 2025-12-10)","English-readable candidate from an India/English-speaking market; manual familiarity review required"
"0016229001711","Coconut Milk","aroy-d, thai-agri-foods-public-company-limited","France, Germany, Russia, United Kingdom, United States, en:canada","Beverages and beverages preparations, Plant-based foods and beverages, Beverages, Plant-based foods, Dairy substitutes, Milk substitutes, Plant-based beverages, Plant-based milk alternatives, Plant-based creams, Plant-based creams for cooking, Coconut milks and creams","COCONUT MILK 99.96%, POLYSORBATE 60","4","e","b","189.0","2.22","0.0417","false","pending","","Global Food Nutrition Database (Open Food Facts snapshot, 2025-12-10)","English-readable candidate from an India/English-speaking market; manual familiarity review required"
"0047495013054","Fig Bar Raspberry","Nature's Bakery","France,United States, World","plant-based-foods-and-beverages, plant-based-foods, snacks, sweet-snacks, bars, fr:barres, fr:barres-aux-fruits, snacks-sucrés","Stone ground whole wheat flour, dried cane sugar, fig paste, brown rice syrup, raspberry paste [naturally milled sugar, dried cane sugar, glycerin, rice starch, raspberries, apple powder, natural flavor, pectin, citric acid, locust bean gum, red cabbage e","4","d","unknown","351.0","33.3","0.329","false","pending","","Global Food Nutrition Database (Open Food Facts snapshot, 2025-12-10)","English-readable candidate from an India/English-speaking market; manual familiarity review required"
"5057545928783","Tesco Finest Oat And Barley Loaf 800G","Tesco","United States, en:united-kingdom","Plant-based foods and beverages, Plant-based foods, Cereals and potatoes, Breads, Sliced breads, Oat and barley bread","Wheat Flour [Wheat Flour, Calcium Carbonate, Iron, Niacin, Thiamin), Water, Oats (7%), Barley (4%), Oatmeal, Wheat Bran, Yeast, Salt, Wheat Gluten, Spirit Vinegar, Preservative (Calcium Propionate), Emulsifiers (Mono - and Di-Glycerides of Fatty Acids, Mono - and Di-Acetyl Tartaric Acid Esters of Mono - and Di-Glycerides of Fatty Acids), Rapeseed Oil, Flour Treatment Agent (Ascorbic Acid).","4","b","b","257.0","2.95","0.8","false","pending","","Global Food Nutrition Database (Open Food Facts snapshot, 2025-12-10)","English-readable candidate from an India/English-speaking market; manual familiarity review required"
"0024463061095","Sriracha Hot Chili Sauce","HUY FONG FOODS, INC.","France,Germany,Mexico,Sweden,Switzerland,United States","gewürzmittel, saucen, scharfe-saucen, en:sriracha-sauces, en:groceries, pl:sriracha","Chilis, Zucker, Knoblauch, Salz, Essigsäure E260, Konservierungsmittel Kaliumsorbat E202, Konservierungsmittel Natriumbisulfit E222, Xanthan E415.","4","unknown","unknown","","","","false","pending","","Global Food Nutrition Database (Open Food Facts snapshot, 2025-12-10)","English-readable candidate from an India/English-speaking market; manual familiarity review required"
"0705599011610","Power Cakes Flapjack & Waffle Mix Buttermilk","Kodiak","United States","Cooking helpers, Dessert mixes, Pancake mixes, Pancake","Whole grain wheat flour, Whole grain oat flour, wheat protein isolate, whey protein concentrate, brown sugar, milk protein concentrate, buttermilk powder, leavening (monocalcium phosphate, baking soda), sea salt. Contains milk and wheat. Due to processing on shared equipment, may also contain trace amounts of egg, soy, and tree nuts.","4","unknown","unknown","349.0","6.35","1.79","false","pending","","Global Food Nutrition Database (Open Food Facts snapshot, 2025-12-10)","English-readable candidate from an India/English-speaking market; manual familiarity review required"
"0037600223324","CREAMY PEANUT BUTTER","SKIPPY","France,United States","Plant-based foods and beverages,Plant-based foods,Legumes and their products,Breakfasts,Fats,Spreads,Nuts and their products,Plant-based spreads,Sweet spreads,Vegetable fats,Oilseed purees,Legume butters,fr:Pâtes à tartiner,Nut butters,Peanut butters","ROASTED PEANUTS SUGAR, HYDROGENATED VEGETABLE OIL (COTTONSEED, SOYBEAN AND RAPESEED OIL) TO PREVENT SEPARATION, SALT.","4","c","d","594.0","9.38","1.17","false","pending","","Global Food Nutrition Database (Open Food Facts snapshot, 2025-12-10)","English-readable candidate from an India/English-speaking market; manual familiarity review required"
"0044000004637","Grahams","Honey Maid","United States","Snacks, Sweet snacks, Biscuits and cakes, Biscuits and crackers, Biscuits, en:appetizers","UNBLEACHED ENRICHED FLOUR (WHEAT FLOUR, NIACIN, REDUCED IRON, THIAMINE MONONITRATE (VITAMIN B1), RIBOFLAVIN (VITAMIN B2), FOLIC ACID), GRAHAM FLOUR (WHOLE GRAIN WHEAT FLOUR), SUGAR, SOYBEAN AND/OR CANOLA OIL, HONEY, LEAVENING (BAKING SODA, CALCIUM PHOSPHATE), SALT, SOY LECITHIN, ARTIFICIAL FLAVOR, WHEAT, SOY.","4","d","c","433.0","26.7","1.08","false","pending","","Global Food Nutrition Database (Open Food Facts snapshot, 2025-12-10)","English-readable candidate from an India/English-speaking market; manual familiarity review required"
"5060043224585","Low Sugar Maple & Pecan Granola imp","Lizi's","United States, en:united-kingdom","Plant-based foods and beverages, Plant-based foods, Breakfasts, Cereals and potatoes, Cereals and their products, Breakfast cereals, Mueslis","Wholegrain Oat Flakes (67%), Rapeseed Oil, Nuts (8%) [Pecan Nut Pieces, Walnut Pieces, Almond Pieces], Seeds (6%) [Sunflower, Pumpkin], Desiccated Coconut, Maple Syrup (2%), Chicory Fibre, Natural Flavouring, Sea Salt, Fructose.","4","a","b","478.0","2.4","0.3","false","pending","","Global Food Nutrition Database (Open Food Facts snapshot, 2025-12-10)","English-readable candidate from an India/English-speaking market; manual familiarity review required"
"0037600106252","Peanut Butter","Skippy","France,United States","Plant-based foods and beverages, Plant-based foods, Legumes and their products, Spreads, Plant-based spreads, Oilseed purees, Legume butters, Peanut butters","ROASTED PEANUTS, SUGAR, HYDROGENATED VEGETABLE OIL (COTTONSEED, SOYBEAN AND RAPESEED OIL) TO PREVENT SEPARATION, SALT.","4","c","d","594.0","9.38","1.17","false","pending","","Global Food Nutrition Database (Open Food Facts snapshot, 2025-12-10)","English-readable candidate from an India/English-speaking market; manual familiarity review required"
"5054775347735","White Folded Flatbreads","Tesco","United Kingdom,United States","Plant-based foods and beverages, Plant-based foods, Cereals and potatoes, Breads, Flatbreads, White breads, Wheat breads, Wheat flatbreads, en:special-breads","Wheat Flour (_Wheat_ Flour, Calcium Carbonate, Iron, Niacin, Thiamin), Water, Rapeseed Oil, Yeast, Spirit Vinegar, Fermented _Wheat_ Flour, Raising Agents (Disodium Diphosphate, Sodium Bicarbonate, Calcium Phosphate), Salt, Emulsifier (Mono - and Di-Acetyl Tartaric Acid Esters of Mono - and Diglycerides of Fatty Acids), Dried Skimmed _Milk_, Flour Treatment Agent (Ascorbic Acid).","4","unknown","b","303.0","2.57","","false","pending","","Global Food Nutrition Database (Open Food Facts snapshot, 2025-12-10)","English-readable candidate from an India/English-speaking market; manual familiarity review required"
"5023528000036","Lancashire oven bottom muffins","Sheldon's","United States, en:united-kingdom","Hamburger buns","wheat flour (with calcium carbonate, iron, thiamin (b1), niacin (b3)), water, yeast, sugar, salt, vinegar, rapeseed oil, soya flour, palm oil, emulsifier (sodium stearoyl-2-lactylate), preservative (calcium propionate), flour treatment agent: ascorbic acid (vitamin c)","4","b","b","254.0","2.46","0.769","false","pending","","Global Food Nutrition Database (Open Food Facts snapshot, 2025-12-10)","English-readable candidate from an India/English-speaking market; manual familiarity review required"
"0123456789012","Peanut Butter Crunch","Fleischer, Selbst gemacht, The Wholesome Bar, Uberti","France, Germany, Morocco, Togo, United States, en:belgium","Plant-based foods and beverages, Plant-based foods, Fruits and vegetables based foods, Cereals and potatoes, Meats and their products, Dried products, Fruits based foods, Meats, Prepared meats, Dried plant-based foods, Sausages, Breads, Dried fruits","Unbleached enriched wheat flour [flour, barley malt, niacin (vitamin b3), iron, thiamin mononitrate (vitamin b1), riboflavin (vitamin b2), folic acid (vitamin b9)], water, sugar, yeast, wheat gluten, soybean oil, contains 2% or less of the following: salt, dough conditioners (mono - and diglycerides, sodium stearoyl lactylate, ethoxylated mono - and diglycerides, ascorbic acid), calcium propionate and sorbic acid (to retain freshness), yeast nutrients (calcium carbonate, calcium sulfate, monocalcium phosphate, ammonium sulfate), hydrogenated cottonseed oil, ground turmeric, soy lecithin.","4","a","unknown","52.941176470588","2.9411764705882","0.095588235294118","false","pending","","Global Food Nutrition Database (Open Food Facts snapshot, 2025-12-10)","English-readable candidate from an India/English-speaking market; manual familiarity review required"
"0017077102322","KEFIR cultured lowfat milk","Lifeway","United States, en:mexico","Beverages, Dairies, Fermented foods, Fermented milk products, Desserts, Dairy desserts, Dairy drinks, Fermented dairy desserts, Fermented drinks, Yogurts, Fermented milk drinks, en:kefir","Pasteurized lowfat milk, nonfat milk, pectin, vitamin a palmitate, vitamin d3, live and active cultures.","4","b","e","45.8","3.75","0.13","false","pending","","Global Food Nutrition Database (Open Food Facts snapshot, 2025-12-10)","English-readable candidate from an India/English-speaking market; manual familiarity review required"
"0077260062512","Elegant collection a decadent 16 piece private reserve chocolate assortment, assortment","Russell Stover Candies  Inc.","France,United States","en:chocolate-candies","Sugar, milk ingredients, corn syrup, cocoa butter, cocoa mass, brown sugar, palm kernel oil, water, almonds, hazelnuts, hydrogenated coconut oil, salt, soy lecithin, raspberries, coconut oil, honey, dried egg-white, coffee, flavour, artificial flavour, citric acid, lemon oil, tapioca flour, invertase, colour, baking soda, potassium sorbate, sodium benzoate.","4","e","unknown","488.0","51.16","0.2325","false","pending","","Global Food Nutrition Database (Open Food Facts snapshot, 2025-12-10)","English-readable candidate from an India/English-speaking market; manual familiarity review required"
"0061232201047","Stem ginger oat biscuits","Nairn's","New Zealand, United States, en:united-kingdom","Snacks,Sweet snacks,Biscuits and cakes,Biscuits","Wholegrain Oats (64%), Brown Sugar, Sustainable Palm Fruit Oil, Stem Ginger (6.3%) (Stem Ginger, Sugar), Dietary Fibre (Oligofructose), Ground Ginger, Partially Inverted Refiners Syrup, Barley Malt Syrup, Raising Agent: Sodium Carbonates, Sea Salt.

May contain traces of milk.","4","d","c","438.0","17.2","0.91","false","pending","","Global Food Nutrition Database (Open Food Facts snapshot, 2025-12-10)","English-readable candidate from an India/English-speaking market; manual familiarity review required"
"0021000612239","original cream cheese","PHILADELPHIA","Spain,United States","Dairies,Fermented foods,Fermented milk products,Cheeses,Cream cheeses,es:cremas-de-queso","pasteurized milk and cream, salt, carob bean gum, cheese culture","4","d","d","357.0","3.57","0.982","false","pending","","Global Food Nutrition Database (Open Food Facts snapshot, 2025-12-10)","English-readable candidate from an India/English-speaking market; manual familiarity review required"
"0051500720011","CREAMY PEANUT BUTTER","Jif","France,United States","Plant-based foods and beverages, Plant-based foods, Legumes and their products, Spreads, Plant-based spreads, Oilseed purees, Legume butters, Peanut butters, Plant-based foods and beverages  Plant-based foods  Legumes and their products  Spreads  Nuts and their products  Plant-based spreads  Oilseed purees  Legume butters  Nut butters  Peanut butters, en:nut-butters","roasted peanuts, sugar, molasses, fully hydrogenated vegetable oils (rapeseed and soybean), mono and diglycerides, salt","4","c","d","576.0","9.09","1.06","false","pending","","Global Food Nutrition Database (Open Food Facts snapshot, 2025-12-10)","English-readable candidate from an India/English-speaking market; manual familiarity review required"
"06827465","Protein Waffles buttermilk vanilla","Eggo","France,United States","Waffles","Water, enriched flour (wheat flour, niacin, reduced iron, vitamin B1 [thiamin mononitrate], vitamin B2 [riboflavin], folic acid), sugar, soy protein isolate, whey protein concentrate, vegetable oil (soybean, palm, canola and/or cottonseed), buttermilk, contains 2% or less of leavening (baking soda, sodium aluminum phosphate, monocalcium phosphate), salt, natural flavors, eggs, soy lecithin. Vitamins and Minerals: Iron, vitamin A palmitate, vitamin B6 (pyridoxine hydrochloride), vitamin B12.","4","d","c","257.0","15.7","1.04","false","pending","","Global Food Nutrition Database (Open Food Facts snapshot, 2025-12-10)","English-readable candidate from an India/English-speaking market; manual familiarity review required"
"0096619194261","Ancient Grains Probiotic Granola","Nature's Path Organic","Canada,United States","Plant-based foods and beverages,Plant-based foods,Breakfasts,Cereals and potatoes,Cereals and their products,Breakfast cereals","Whole grain rolled oats *, cane sugar *, soy oil *, khorasan wheat, rolled spelt *, almonds, inulin * rice starch *, rolled quinoa *, rolled amaranth *, sea salt, molasses *, cinnamon *, vanilla flavor *, Probiotics (Bacillus coagulans GBI-30 6086), tocopherols (vitamin E). * ORGANIC Contains soy, almonds and wheat Produced in a facility that uses peanuts and other tree nuts.","4","d","d","455.0","29.8","1.11575","false","pending","","Global Food Nutrition Database (Open Food Facts snapshot, 2025-12-10)","English-readable candidate from an India/English-speaking market; manual familiarity review required"
"0051500255162","Peanutbutter","Jif","France,Germany,United States","Plant-based foods and beverages, Plant-based foods, Legumes and their products, Breakfasts, Spreads, Nuts and their products, Plant-based spreads, Sweet spreads, Oilseed purees, Legume butters, fr:Pâtes à tartiner, Nut butters, Peanut butters, Creamy-peanut-butter","MADE FROM ROASTED PEANUTS AND SUGAR, CONTAINS 2% OR LESS OF: MOLASSES, FULLY HYDROGENATED VEGETABLE OILS (RAPESEED AND SOYBEAN), MONO AND DIGLYCERIDES, SALT.","4","c","d","576.0","9.09","1.06","false","pending","","Global Food Nutrition Database (Open Food Facts snapshot, 2025-12-10)","English-readable candidate from an India/English-speaking market; manual familiarity review required"
"0072250037129","100% Whole Wheat Bread","Nature's Own","Mexico,United States","Plant-based foods and beverages,Plant-based foods,Cereals and potatoes,Breads,Sliced breads,White breads,Wheat breads","WHOLE WHEAT FLOUR, WATER, YEAST, BROWN SUGAR, WHEAT GLUTEN, SALT, CULTURED WHEAT FLOUR, SOYBEAN OIL, VINEGAR, DISTILLED MONOGLYCERIDES, ENZYMES, MONOCALCIUM PHOSPHATE, ASCORBIC ACID, SOY LECITHIN, WHEAT BRAN.","4","a","a","231.0","3.85","1.15","false","pending","","Global Food Nutrition Database (Open Food Facts snapshot, 2025-12-10)","English-readable candidate from an India/English-speaking market; manual familiarity review required"
"11117780","Dark chocolate covered pretzels with peppermint pieces, peppermint","Nestlé","Brazil, France, United States, en:united-kingdom","snacks, da:crackers","Dark chocolate coating (sugar, chocolate liquor processed with alkali, cocoa butter, butterfat [milk], soy lecithin, and vanilla), pretzels (unbleached enriched wheat flour [flour, niacin, reduced iron, thiamine mononitrate-b1, riboflavin-b2, folic acid], malt, salt, soybean and/or canola oil, and yeast), peppermint flakes (sugar, corn syrup, vegetable juice concentrate, caramel color, natural peppermint oil).","4","e","b","467.0","36.67","0.7075","false","pending","","Global Food Nutrition Database (Open Food Facts snapshot, 2025-12-10)","English-readable candidate from an India/English-speaking market; manual familiarity review required"
"7622210317629","Cheese Triangles","Dairylea","en:United Kingdom, United States","Dairies, Fermented foods, Fermented milk products, Cheeses, Cheeses for kids, en:cheese-spreads","skimmed milk (water, skimmed milk powder), cheese, milk fat, skimmed milk powder, stabilisers (citric acid, sodium carbonate), milk protein, whey powder (from milk), calcium phosphate, inulin, emulsifying salt (triphosphate),","4","d","d","211.0","4.48","1.44","false","pending","","Global Food Nutrition Database (Open Food Facts snapshot, 2025-12-10)","English-readable candidate from an India/English-speaking market; manual familiarity review required"
"0073472001202","Flourless Sprouted Grain Bread","Food for Life","Spain,United States","Plant-based foods and beverages, Plant-based foods, Legumes and their products, Cereals and potatoes, Legumes, Seeds, Cereals and their products, Legume seeds, Cereal grains, Pulses, Breads, Sprouts, Lentils, Lentil sprouts, Sliced breads, Wheats, Multigrain sliced breads, Pre-baked breads, Sprouted wheat, Sprouted barley, Sprouted millet, Sprouted soybeans, Sprouted spelt","organic sprouted wheat, filtered water, organic sprouted barley, organic sprouted millet, organic malted barley, organic sprouted lentils, organic sprouted soybeans, organic sprouted spelt, fresh yeast,organic wheat gluten, sea salt,","4","a","b","235.0","1.47","0.551","false","pending","","Global Food Nutrition Database (Open Food Facts snapshot, 2025-12-10)","English-readable candidate from an India/English-speaking market; manual familiarity review required"
"20333737","Roasted Cashew-Peanut-Mix Honey & Salt","Alesto, Lidl","Germany,United States","Växtbaserad mat och dryck, Växtbaserad mat, Snacks, Salta snacks, en:Nuts and their products, Nötter, en:Cashew nuts, en:Roasted nuts, en:Salted nuts","33% cashewnötter, 32 % jordnötter, socker, 3% honung, solrosolja geleringsmedel (gummi arabicum), salt, shea fett","4","d","d","533.0","35.5","0.83","false","pending","","Global Food Nutrition Database (Open Food Facts snapshot, 2025-12-10)","English-readable candidate from an India/English-speaking market; manual familiarity review required"
"0048121102081","Original Muffins","Thomas'","United States","Plant-based foods and beverages, Plant-based foods, Cereals and potatoes, Breads, Special breads, English muffins","enriched wheat flour (flour, malted barley flour, reduced iron, niacin, thiamin mononitrate [vitamin B1], riboflavin [vitamin B2], folic acid), water, farina, yeast, salt, sugar, calcium propionate, sorbic acid, vegetable oil (soybean), wheat gluten, grain vinegar, soy lecithin, soy, whey","4","d","b","246.0","3.28","1.77","false","pending","","Global Food Nutrition Database (Open Food Facts snapshot, 2025-12-10)","English-readable candidate from an India/English-speaking market; manual familiarity review required"
"0096619336753","Peanut Butter Pretzels","Kirkland Signature","Canada, France, United States, en:united-kingdom","snacks, salty-snacks, appetizers, da:crackers, en:pretzel","Enriched Wheat Flour (Wheat Flour, Niacin, Reduced Iron, Thiamin Mononitrate, Riboflavin, Folic Acid), Peanut Butter (Valencia Peanuts, Molasses, Mono - and diglycerides), Salt, Soybean Oil, Corn Syrup, Barley Malt Extract.","4","e","b","480.0","4.0","2.05","false","pending","","Global Food Nutrition Database (Open Food Facts snapshot, 2025-12-10)","English-readable candidate from an India/English-speaking market; manual familiarity review required"
"0078895300024","Panda Brand Oyster Flavoured Sauce","Lee Kum Kee","Australia, Canada, France, Germany, United States, en:united-kingdom","Condiments,Sauces,Oyster sauces","Water, sugar, salt, oyster extract 11% [oysters (molluscs) 90%, water, salt], salt, modified corn starch, flavour enhancer E621, wheat flour, colour E150a","4","e","unknown","113.0","21.0","11.31","false","pending","","Global Food Nutrition Database (Open Food Facts snapshot, 2025-12-10)","English-readable candidate from an India/English-speaking market; manual familiarity review required"
"0811620020633","High Protein Milk Shake","Core Power","France, en:united-states","Dietary supplements, Bodybuilding supplements, Protein shakes, Protein drink, en:milks","filtered lowfat grade a milk, alkalized cocoa, natural flavors, lactase enzyme, sea salt, acesulfame potassium, carrageenan, cellulose gel, cellulose gum, stevia leaf extract, sucralose, vitamin a palmitate, vitamin d3","4","not-applicable","d","55.6","1.69","0.157","false","pending","","Global Food Nutrition Database (Open Food Facts snapshot, 2025-12-10)","English-readable candidate from an India/English-speaking market; manual familiarity review required"
"0034000400126","Creamy Peanut Butter","reese's","France, United States, en:morocco","Plant-based foods and beverages, Plant-based foods, Legumes and their products, Spreads, Nuts and their products, Plant-based spreads, Oilseed purees, Legume butters, Nut butters, Peanut butters","Peanuts; Sugar; hydrogenated Vegetable Oil [rapeseed Oil; Cottonseed Oil; Soybean Oil]; Salt; Peanut Oil; Monoglycerides; Molasses; Cornstarch.","4","b","d","594.0","11.0","0.35","false","pending","","Global Food Nutrition Database (Open Food Facts snapshot, 2025-12-10)","English-readable candidate from an India/English-speaking market; manual familiarity review required"
"0013764027121","Good Seed Bread","Dave’s Killer Bread","Spain,United States, World","Plant-based foods and beverages,Plant-based foods,Cereals and potatoes,Breads,Sliced breads,Multigrain sliced breads","organic whole wheat (organic whole wheat flour, organic cracked whole wheat), water, good seed mix (organic whole flax seeds, organic sunflower seeds, organic ground whole flax seeds, organic un-hulled brown sesame seeds, organic un-hulled black sesame seeds), organic dried cane syrup (sugar), organic wheat gluten, organic oat fiber, organic steel cut oats, organic molasses, sea salt, yeast, organic cultured whole wheat,","4","a","b","250.0","7.14","1.07","false","pending","","Global Food Nutrition Database (Open Food Facts snapshot, 2025-12-10)","English-readable candidate from an India/English-speaking market; manual familiarity review required"
"3664346304863","Chocolate Orange Milk","Terry's","United Kingdom, United States, en:romania","Snacks, Sweet snacks, Cocoa and its products, Confectioneries, Chocolates, Milk chocolates","Sugar, cocoa mass, cocoa butter, skimmed milk powder, whey powder (from milk), vegetable fats (palm, shea), milk fat, emulsifiers (soya lecithins, E476), orange oil, flavouring. May contain nuts, wheat. MILK SOLIDS 14 % MINIMUM. COCOA SOLIDS 25% MINIMUM. CONTAINS VEGETABLE FATS IN ADDITION TO COCOA BUTTER. B Rec INSERT","4","e","f","524.0","59.0","0.27","false","pending","","Global Food Nutrition Database (Open Food Facts snapshot, 2025-12-10)","English-readable candidate from an India/English-speaking market; manual familiarity review required"
"0025293600232","Organic Soy Milk: Unsweet","Silk","United States","Undefined, en:soy-based-drinks","Organic Soymilk (Filtered Water, Organic Soybeans), Contains 2% or Less of: Vitamin and Mineral Blend (Calcium Carbonate, Vitamin A Palmitate, Vitamin D2, Riboflavin [B2], Vitamin BIZ), Sea Salt, Gellan Gum, Ascorbic Acid (Vitamin C To Protect Freshness), Natural Flavor.","4","b","b","33.3","0.417","0.0833","false","pending","","Global Food Nutrition Database (Open Food Facts snapshot, 2025-12-10)","English-readable candidate from an India/English-speaking market; manual familiarity review required"
"0851770007566","Organic Protein Protein Powder","Orgain","United States","Meat alternatives,Meat analogues,Dietary supplements,Bodybuilding supplements,Protein powders","ORGAIN ORGANIC PROTEIN BLEND (PEA PROTEIN, BROWN RICE PROTEIN, CHIA SEED), ORGAIN ORGANIC CREAMER BASE ACACA HIGH OLEIC SUNFLOWER OIL, RICE DEXTRIN, SUNFLOWER LECITHIN, ROSEMARY EXTRACT), ERYTHRITOL, NATURAL FLAVORS, ACACIA ORCAIN ORGANIC 50 SUPERFOODS BLEND MILLET, AMARANTH, BUCKWHEAT, QUINOA CHIA, KALE POWDER, APPLE PULP, CINNAMON, ORGANIC SPROUTS BLEND (AMARANTH SPROUT, QUINOA SPROUT, MILLET SPROUT, BUCKWHEAT SPROUT, GARBANZO BEAN SPROUT, LENTIL SPROUT, ADZUKI SPROUT FLAX SPROUT, SUNFLOWER SPROUT, PUMPKIN SPROUT, CHIA SPROUT, SESAME SPROUT), ORGANIC SUPER VEGGIES, SUPER BERRIES SUPER GRASSES AND SUPER FOODS BLEND (ACAI&quot;, CRANBERRY, WHEAT GRASS, BARLEY GRASS, OAT GRASS, BANANA, MANGO, BEET, CARROT, SPINACH, BROCCOL TOMATO, KALE, CABBAGE, PARSLEY LEAF, BRUSSELS SPROUT, GREEN BELL PEPPER, CUCUMBER, CELERY, GARLIC, GINGER ROOT, GREEN ONION CAULIFLOWER, ASPARAGUS, PINEAPPLE, TURMERIC, STRAWBERRY&quot;, TART CHERRY, BLACKBERRY, BLUEBERRY, RASPBERRY REBA STEVIA EXTRACT, SEA SALT, GUAR GUM, XANTHAN GUM, NATURAL FLAVOR, ORGANIC FOOD BASED VITAMIN C (AMLA FRUIT EXTRACT ORGANIC FOOD BASED VITAMIN BLEND (GUAVA, HOLY BASIL, LEMON EXTRACT), PROBIOTIC (BACILLUS COAGULANS)","4","not-applicable","unknown","615.0","3.84","3.75","false","pending","","Global Food Nutrition Database (Open Food Facts snapshot, 2025-12-10)","English-readable candidate from an India/English-speaking market; manual familiarity review required"
"7614500010617","Toblerone Dark Chocolate with Honey & Almond Nougat","Mondelez, Toblerone","France, Germany, Italy, Morocco, Switzerland, United States, en:romania","Snacks, Sweet snacks, Cocoa and its products, Confectioneries, Chocolate candies, Bars, Chocolates, Dark chocolates, Chocolates with almonds, Dark chocolates with almonds, Swiss chocolates","cocoa mass, sugar, milk fat, honey (3,0 %), almonds (1,6%), cocoa butter, emulsifier (soya lecithin), egg white, chocolate contains: cocoa solids: 50% minimum,","4","e","e","516.0","47.0","0.01","false","pending","","Global Food Nutrition Database (Open Food Facts snapshot, 2025-12-10)","English-readable candidate from an India/English-speaking market; manual familiarity review required"
